原始編號,所屬學校,編號,學生性別,教師性別,Q49,Q50,Q51,Q52,Q53,Q54,Q55,Q56,Q57,Q58,Q59,Q60,Q61,Q62,Q63,Q64
1,中山國小,1,1,0,1,1,1,1,1,4,4,4,4,4,1,4,4,4,2,2
2,中山國小,2,1,1,1,2,2,1,,2,1,1,2,,,1,2,2,2,2
3,中山國小,3,,,2,2,2,4,4,4,4,4,3,4,4,4,2,4,4,4
4,中山國小,4,1,1,1,1,1,1,1,1,1,1,1,1,1,1,1,1,1,1
5,中山國小,5,0,1,4,2,2,4,4,3,3,4,3,3,4,4,4,3,4,4
6,中山國小,6,1,1,4,4,4,4,4,4,,3,3,3,2,2,3,4,2,4
7,中山國小,7,0,1,2,2,2,2,2,2,2,2,2,2,2,2,2,2,2,2
8,中山國小,8,0,1,4,1,2,2,4,4,4,4,3,2,4,4,3,4,3,4
9,中山國小,9,1,1,1,1,1,1,1,1,1,1,1,1,1,1,1,1,1,1
10,中山國小,10,1,1,3,1,1,1,1,4,4,4,3,3,4,4,4,4,4,3
11,中山國小,11,0,1,3,1,1,4,4,4,4,4,2,2,4,4,2,4,4,4
12,中山國小,12,1,1,4,1,1,3,4,4,4,4,3,3,4,4,3,3,3,3
13,中山國小,13,0,1,2,1,3,4,4,4,4,4,2,2,3,2,3,2,4,4
14,中山國小,14,0,1,1,1,1,1,1,1,1,2,3,1,4,1,3,,1,3
15,中山國小,15,1,1,1,1,1,2,2,3,3,2,3,3,2,3,2,3,3,3
16,中山國小,16,1,1,1,1,1,2,1,1,1,2,3,3,3,2,2,2,2,2
17,中山國小,17,1,1,4,4,4,4,4,4,4,4,4,4,4,4,4,4,4,4
18,中山國小,18,0,1,3,2,2,3,2,4,4,4,3,3,4,3,3,4,3,3
20,中山國小,19,0,1,1,1,1,1,1,1,1,1,1,1,1,1,1,1,1,1
21,中山國小,20,0,1,1,1,1,1,1,1,1,1,1,1,1,1,1,1,1,1
23,中山國小,21,1,1,1,1,1,1,1,1,1,1,1,1,,1,3,4,3,4
25,中山國小,22,1,1,3,1,2,2,1,4,3,3,2,2,4,3,2,3,2,4
26,中山國小,23,1,1,1,1,1,1,1,1,1,1,1,1,1,1,1,1,1,1
27,中山國小,24,1,1,1,1,1,1,1,1,1,1,1,1,1,1,1,1,1,1
28,中山國小,25,1,1,1,1,1,3,1,3,2,2,2,2,1,3,3,2,2,2
29,中山國小,26,0,1,3,1,1,1,2,4,4,4,3,2,4,4,4,4,3,4
30,中山國小,27,0,1,2,1,1,4,4,4,4,4,4,4,4,4,4,4,3,3
31,中山國小,28,1,1,2,2,2,2,2,2,3,2,2,4,4,4,4,4,4,2
32,中山國小,29,0,1,2,2,2,2,3,3,3,3,3,3,4,4,3,4,3,4
33,中山國小,30,0,1,2,2,2,2,2,2,2,2,3,3,3,3,3,3,3,3
34,中山國小,31,1,1,1,1,1,4,2,2,3,3,2,2,2,2,3,2,2,2
35,中山國小,32,1,1,1,1,1,1,1,3,2,2,1,1,4,4,2,2,1,2
36,中山國小,33,,,4,3,2,2,3,1,4,4,4,4,3,3,2,2,3,4
37,中山國小,34,0,1,1,1,1,4,1,4,4,4,2,4,4,4,3,4,3,4
39,中山國小,35,0,1,4,3,4,4,4,4,4,4,4,4,4,4,4,4,4,4
40,中山國小,36,,1,1,1,1,1,1,1,1,4,1,1,4,4,4,1,4,4
41,中山國小,37,1,1,3,2,2,3,2,2,3,3,2,2,4,2,2,4,3,2
42,中山國小,38,1,1,1,2,4,4,4,2,4,4,2,4,2,4,4,4,2,2
43,中山國小,39,1,1,4,4,4,4,4,4,4,3,3,4,4,4,,4,3,3
44,中山國小,40,,,2,2,2,2,2,2,2,2,2,2,2,2,2,2,2,2
45,中山國小,41,,1,1,1,2,3,4,3,2,1,1,1,2,3,4,3,2,1
47,中山國小,42,,,4,1,2,2,2,4,4,4,3,4,4,4,3,2,4,2
48,中山國小,43,1,0,2,3,2,3,3,3,3,2,2,2,2,2,2,2,2,2
49,中山國小,44,1,0,2,2,2,2,2,2,2,2,2,2,2,2,2,2,2,2
50,中山國小,45,,0,4,1,1,1,1,4,3,4,3,3,4,1,4,4,2,2
51,中山國小,46,0,0,2,4,2,,2,4,4,4,4,4,4,4,4,4,4,4
52,中山國小,47,1,0,1,1,2,1,,2,3,3,2,2,3,2,3,2,3,4
53,中山國小,48,1,0,1,1,1,1,1,1,1,1,1,1,1,1,1,1,1,1
54,中山國小,49,1,0,2,2,2,2,2,4,4,4,4,2,2,4,4,4,4,4
55,中山國小,50,1,,3,2,2,4,2,2,2,4,4,4,4,4,4,4,3,1
56,中山國小,51,0,0,4,4,4,4,4,3,2,4,4,4,3,4,3,4,4,4
57,中山國小,52,0,0,4,4,1,1,4,1,4,4,1,1,4,1,1,1,1,1
58,中山國小,53,1,0,4,3,4,2,3,4,2,3,4,3,2,4,4,3,3,2
59,中山國小,54,1,0,2,2,2,1,1,2,4,4,1,1,2,3,1,2,3,3
60,中山國小,55,,,1,1,1,2,1,1,1,1,2,1,2,2,2,4,4,4
61,中山國小,56,0,0,4,1,2,3,2,4,4,1,1,,1,1,1,1,1,1
62,中山國小,57,,,3,1,3,,3,2,1,2,1,3,3,3,2,1,2,1
63,中山國小,58,1,0,2,2,2,2,2,2,2,2,2,2,2,2,2,2,2,2
64,中山國小,59,1,0,4,1,1,1,1,2,3,3,1,1,3,3,2,2,3,4
65,中山國小,60,1,0,2,2,2,2,2,2,2,2,2,2,2,2,2,2,2,2
67,中山國小,61,1,0,1,1,1,1,1,1,1,1,1,1,1,1,1,1,1,1
68,中山國小,62,1,0,2,2,2,2,2,2,2,2,2,2,2,2,2,2,2,2
69,中山國小,63,0,0,2,2,2,2,2,3,3,3,2,2,2,3,3,3,3,3
70,中山國小,64,1,0,2,2,1,2,1,4,4,4,2,2,4,2,4,2,2,2
71,中山國小,65,0,0,2,1,1,1,1,2,2,2,2,2,2,2,2,2,2,2
72,中山國小,66,0,0,3,2,1,1,2,4,4,4,3,2,4,4,4,4,4,3
73,中山國小,67,1,0,2,2,2,2,2,3,4,4,2,2,2,4,4,4,2,2
74,中山國小,68,0,0,1,1,1,1,1,2,1,1,1,2,3,2,3,3,2,1
75,中山國小,69,0,0,4,2,1,2,2,2,2,2,2,2,2,2,2,2,2,2
77,中山國小,70,0,0,1,1,1,4,4,4,4,4,3,4,2,4,4,4,4,4
78,中山國小,71,0,0,4,4,3,2,4,4,4,4,4,4,2,4,4,4,3,4
79,中山國小,72,1,0,1,1,1,1,1,1,4,2,1,2,1,1,1,1,1,1
80,中山國小,73,0,0,3,2,2,4,4,4,4,3,4,4,4,3,4,4,3,4
81,中山國小,74,0,0,4,1,3,4,3,3,4,4,3,2,4,4,2,2,3,4
82,中山國小,75,1,0,3,2,1,2,3,2,1,2,3,2,1,2,3,2,1,2
83,中山國小,76,1,0,3,1,2,4,3,3,3,3,2,2,3,2,3,4,2,2
85,中山國小,77,,,3,1,2,2,1,2,4,2,2,2,3,4,4,4,4,1
86,中山國小,78,,,2,2,4,4,3,4,4,4,4,4,4,4,4,4,3,3
88,中山國小,79,,,2,3,2,3,2,4,3,3,3,3,3,2,2,2,2,2
89,中山國小,80,1,1,1,1,1,1,1,1,1,1,1,1,1,1,1,1,1,1
90,中山國小,81,,1,1,1,1,1,1,1,1,1,1,1,1,1,1,1,1,1
91,中山國小,82,,,3,4,4,4,3,4,4,4,4,3,4,4,4,3,3,4
92,中山國小,83,,,4,4,4,2,4,4,4,4,2,2,4,4,4,2,2,4
94,中山國小,84,,,1,1,1,3,1,4,4,4,4,4,4,4,3,4,4,2
95,中山國小,85,0,1,2,2,3,2,2,2,2,2,2,2,2,2,2,2,2,2
96,中山國小,86,0,1,1,1,1,,3,4,4,4,4,4,4,4,4,4,4,4
97,中山國小,87,,,2,1,1,1,1,3,4,4,2,3,2,4,1,2,3,2
98,中山國小,88,0,,3,2,2,2,1,1,1,1,1,1,2,2,1,1,1,1
99,中山國小,89,0,1,3,2,3,4,3,4,4,3,4,3,4,3,3,2,2,3
100,中山國小,90,0,1,2,3,1,2,3,4,4,4,4,2,4,4,4,2,4,3
101,中山國小,91,1,1,1,2,3,1,3,4,2,2,1,3,4,4,3,4,2,4
102,中山國小,92,1,1,4,4,3,4,3,4,4,3,3,4,4,2,3,2,3,4
103,中山國小,93,0,1,2,2,2,4,4,2,4,4,2,2,4,2,4,2,2,4
106,中山國小,94,1,1,1,1,1,1,4,1,4,2,1,3,4,4,,3,1,3
107,中山國小,95,0,1,4,1,1,3,2,1,4,4,1,4,4,4,3,2,1,4
108,中山國小,96,0,1,2,2,3,4,4,4,4,3,1,1,3,4,3,2,2,4
111,中山國小,97,0,0,4,2,4,4,4,3,4,3,2,1,4,4,4,3,3,4
113,中山國小,98,0,0,2,2,2,2,4,4,4,4,4,4,4,3,4,4,4,4
114,中山國小,99,0,0,1,1,1,4,1,4,4,4,3,4,4,3,4,4,4,4
115,中山國小,100,1,0,3,3,2,3,4,3,3,4,,2,3,3,4,4,2,3
118,中山國小,101,1,0,2,2,2,2,2,2,2,2,2,2,1,4,3,2,2,2
119,中山國小,102,0,0,4,3,2,2,2,4,4,4,4,4,2,4,4,4,4,4
120,中山國小,103,0,0,4,4,1,2,4,4,4,4,3,1,4,4,4,4,4,4
122,中山國小,104,1,0,1,1,1,1,1,1,1,4,2,1,4,4,2,4,4,4
123,中山國小,105,0,0,3,2,2,3,1,3,3,3,1,1,3,3,3,3,3,1
124,中山國小,106,0,0,2,2,1,4,3,4,4,3,1,1,2,4,2,4,4,3
125,中山國小,107,1,0,4,3,2,2,2,4,4,4,2,2,4,4,4,4,2,4
126,中山國小,108,1,0,2,2,2,2,2,3,3,3,3,2,2,3,3,2,2,3
127,中山國小,109,1,,1,1,2,1,1,2,4,2,2,2,4,1,2,3,1,3
128,中山國小,110,0,0,3,3,3,4,4,4,4,4,4,4,4,4,4,4,4,4
129,中山國小,111,1,0,1,1,1,1,2,2,3,4,2,3,4,4,3,3,2,3
130,中山國小,112,0,0,3,2,3,4,2,4,4,4,3,3,4,4,4,4,3,3
132,中山國小,113,1,0,3,2,2,3,2,4,4,4,4,4,4,4,4,4,4,4
133,中山國小,114,0,0,1,4,2,4,1,2,4,4,4,4,1,4,4,3,1,3
134,中山國小,115,,0,1,1,1,1,1,1,1,1,1,1,2,2,4,1,2,2
135,中山國小,116,0,0,3,2,2,2,2,4,4,4,3,2,4,4,4,4,4,4
136,中山國小,117,0,0,3,3,3,3,2,3,4,3,2,2,3,4,3,3,3,3
137,中山國小,118,0,0,3,2,2,4,4,3,3,1,1,1,4,4,4,3,2,1
138,中山國小,119,1,0,2,2,2,2,2,2,3,2,2,3,4,4,4,4,2,2
139,中山國小,120,1,0,4,3,4,1,3,4,4,4,1,3,4,3,1,3,3,4
140,中山國小,121,,0,1,1,1,4,1,4,4,4,2,1,4,4,4,4,4,4
141,中山國小,122,1,0,2,2,2,2,2,2,2,2,2,2,2,2,2,2,2,2
143,仁善國小,123,0,1,1,1,2,3,3,2,1,3,3,3,4,4,4,4,1,1
144,仁善國小,124,0,1,1,1,4,1,1,4,1,1,1,1,3,1,4,4,3,1
145,仁善國小,125,1,1,1,1,3,3,1,3,3,3,3,1,3,3,3,3,3,3
146,仁善國小,126,0,1,2,2,2,4,2,2,2,2,1,1,2,4,4,2,2,2
147,仁善國小,127,1,1,1,1,1,1,1,4,1,4,1,4,1,4,4,1,4,1
148,仁善國小,128,1,1,1,1,1,1,1,1,1,1,2,2,1,1,4,1,1,1
149,仁善國小,129,1,0,1,1,1,4,1,3,4,3,3,4,4,4,3,4,1,3
150,仁善國小,130,0,1,3,2,3,3,3,2,3,4,4,4,3,4,3,3,3,4
151,仁善國小,131,1,1,2,2,2,3,2,2,2,2,1,2,2,3,2,3,3,3
153,仁善國小,132,1,1,3,3,4,3,3,4,4,4,4,4,4,4,4,1,4,4
154,仁善國小,133,0,1,3,1,3,3,3,3,3,4,3,3,4,4,4,4,3,3
155,仁善國小,134,1,1,1,1,1,1,1,1,2,1,1,1,2,3,1,4,1,1
156,仁善國小,135,0,1,3,1,3,3,2,1,3,,1,3,1,3,3,1,3,3
157,仁善國小,136,1,1,4,1,2,4,3,4,4,4,3,4,4,4,3,3,4,4
158,仁善國小,137,1,1,3,3,1,3,4,4,3,4,1,1,4,4,3,4,3,3
160,仁善國小,138,0,1,1,1,1,4,2,1,1,1,1,1,1,1,3,1,1,1
161,仁善國小,139,1,1,1,1,1,1,1,1,1,1,1,1,1,4,4,1,1,1
162,仁善國小,140,0,1,3,1,2,3,3,3,1,2,4,3,4,3,2,3,4,1
163,仁善國小,141,0,1,1,1,1,1,1,4,4,4,1,3,4,4,4,1,4,4
164,仁善國小,142,1,1,3,1,3,1,3,1,1,1,3,3,1,3,1,3,3,1
165,仁善國小,143,0,1,3,2,3,2,1,3,4,3,2,1,3,4,4,4,1,2
166,仁善國小,144,1,1,3,3,2,4,4,2,3,3,2,2,4,4,3,2,2,2
167,仁善國小,145,0,1,3,1,4,4,1,1,1,1,4,4,4,4,4,1,1,1
169,仁善國小,146,0,1,3,1,4,4,3,3,3,3,3,3,3,4,3,4,3,3
170,仁善國小,147,1,1,4,3,4,4,4,4,3,4,4,4,3,4,4,3,1,4
171,仁善國小,148,0,1,1,1,1,1,1,4,4,3,1,1,3,4,4,3,1,1
178,笨港國小,149,0,1,4,,1,1,2,4,4,1,3,3,2,4,1,4,1,1
179,笨港國小,150,0,1,2,2,2,2,3,4,4,4,2,2,4,3,4,2,3,3
180,笨港國小,151,1,1,2,1,1,3,2,1,4,3,2,2,3,4,4,2,1,1
181,笨港國小,152,1,1,3,1,1,1,1,3,3,3,1,4,4,4,4,4,4,2
182,笨港國小,153,1,1,2,1,2,3,4,4,4,4,3,4,4,4,4,4,3,4
183,笨港國小,154,1,1,3,2,2,3,3,4,4,4,3,3,4,3,3,4,4,3
184,笨港國小,155,1,1,2,2,1,4,2,4,4,3,4,4,4,4,4,4,3,4
185,笨港國小,156,1,1,1,3,1,3,3,1,3,3,1,3,1,1,1,3,3,3
186,笨港國小,157,1,1,1,2,1,1,2,3,1,4,1,1,4,2,1,1,2,2
188,笨港國小,158,0,1,4,4,4,4,4,4,4,4,4,4,4,4,4,4,4,4
189,笨港國小,159,1,1,4,4,1,1,1,1,1,1,2,,2,2,2,2,4,4
190,笨港國小,160,0,1,3,2,3,4,4,4,4,4,4,3,4,4,4,2,3,4
191,笨港國小,161,0,1,3,2,1,2,2,3,4,3,2,3,4,4,4,4,4,4
192,笨港國小,162,1,1,1,1,1,4,2,4,4,2,4,4,4,4,4,4,2,2
193,笨港國小,163,0,1,1,1,2,4,2,4,4,3,1,3,3,4,4,4,3,2
194,笨港國小,164,1,0,4,3,3,4,3,4,4,3,4,4,4,4,4,4,3,4
195,笨港國小,165,1,1,3,2,2,3,3,4,4,4,4,4,3,4,4,4,3,3
196,笨港國小,166,1,1,4,1,4,2,4,2,3,2,4,4,4,2,1,3,1,2
197,笨港國小,167,1,1,3,1,1,4,2,4,3,4,4,3,4,4,4,4,1,1
198,笨港國小,168,1,1,4,3,2,3,4,4,4,2,2,2,4,4,4,4,4,2
199,笨港國小,169,1,1,2,2,1,1,1,1,1,4,2,2,2,4,3,2,2,1
200,笨港國小,170,0,1,2,2,2,2,2,4,4,4,4,4,2,4,4,2,2,4
201,笨港國小,171,0,1,3,2,2,4,2,4,4,4,4,4,4,4,4,4,4,4
202,笨港國小,172,1,0,4,1,1,1,3,4,4,3,4,3,4,4,2,3,4,3
203,笨港國小,173,0,1,4,1,1,2,2,4,4,3,4,4,3,4,3,3,1,2
205,保生國小,174,1,1,3,2,2,2,4,2,2,2,2,3,3,4,2,3,2,2
206,保生國小,175,1,1,2,2,2,2,2,2,2,2,2,2,2,2,2,2,2,2
207,保生國小,176,1,1,1,1,1,2,1,4,3,3,4,2,1,1,2,3,4,4
208,保生國小,177,,,3,1,1,4,4,2,4,4,1,4,1,4,2,1,1,1
209,保生國小,178,1,1,2,2,1,1,3,,2,4,3,1,,2,3,1,1,2
210,保生國小,179,0,1,4,3,3,3,3,4,4,3,4,4,4,4,3,4,3,4
212,保生國小,180,0,1,1,1,2,2,1,4,4,4,1,1,4,1,2,3,3,3
213,保生國小,181,1,1,2,2,2,2,2,2,2,2,2,2,2,2,2,2,2,2
215,保生國小,182,0,1,2,2,1,2,1,2,3,1,2,1,1,1,2,1,3,4
216,保生國小,183,0,1,4,4,4,4,4,4,4,4,4,4,3,4,4,4,2,4
217,保生國小,184,1,1,2,2,2,2,2,2,2,2,2,2,2,,2,2,2,2
218,保生國小,185,0,1,3,2,3,4,3,2,4,3,4,4,3,4,4,4,4,4
219,保生國小,186,0,1,4,2,4,4,4,4,4,4,4,4,4,4,4,4,4,4
220,保生國小,187,0,1,2,2,2,3,3,2,4,2,2,2,4,4,2,2,2,2
221,保生國小,188,1,1,3,3,3,3,3,3,3,3,3,3,3,3,3,3,3,3
222,保生國小,189,0,1,3,2,2,2,3,4,4,4,3,3,4,4,4,3,3,3
223,保生國小,190,0,1,3,2,2,3,2,4,4,2,3,2,3,2,2,1,2,2
224,保生國小,191,1,1,2,2,2,2,2,2,2,2,2,2,4,4,4,2,4,2
225,保生國小,192,1,1,3,1,2,3,4,3,3,3,3,3,2,2,3,2,3,3
226,保生國小,193,0,1,1,1,1,2,2,2,2,2,2,2,2,4,4,2,4,4
227,保生國小,194,0,1,2,4,4,2,2,4,4,4,4,4,2,4,4,4,4,2
228,保生國小,195,0,0,1,1,2,3,4,4,3,2,1,1,1,1,2,3,4,1
230,內壢國小,196,0,1,,1,1,1,1,4,4,4,1,1,1,1,3,4,1,2
231,內壢國小,197,0,1,3,1,1,4,1,4,4,4,2,2,2,4,2,4,4,4
232,內壢國小,198,0,1,3,1,1,1,1,4,4,4,3,3,3,4,4,4,3,3
233,內壢國小,199,0,1,4,3,1,3,3,3,4,4,3,4,4,3,4,4,4,4
234,內壢國小,200,0,1,2,1,1,1,1,4,4,4,1,2,4,4,4,4,4,2
235,內壢國小,201,0,1,1,1,1,1,1,1,1,1,1,1,1,1,1,1,1,1
237,內壢國小,202,1,1,2,2,3,3,2,4,3,4,2,4,1,4,3,4,4,1
238,內壢國小,203,1,1,1,1,1,1,1,4,4,4,2,3,3,3,3,3,2,2
239,內壢國小,204,1,1,2,1,1,1,1,3,3,4,3,3,4,4,3,4,3,4
240,內壢國小,205,1,1,1,1,1,1,1,3,3,3,1,1,2,2,2,2,2,2
241,內壢國小,206,1,1,2,2,2,2,2,2,2,2,2,2,2,2,2,2,2,2
242,內壢國小,207,1,1,1,1,1,1,1,4,4,4,1,3,4,4,1,3,1,4
243,內壢國小,208,1,1,1,1,1,,1,3,3,2,1,1,1,2,2,2,1,1
244,內壢國小,209,1,1,1,1,1,1,1,4,4,4,1,4,4,4,4,4,4,4
245,內壢國小,210,1,1,1,1,1,1,1,4,4,4,2,2,4,3,4,4,4,4
246,內壢國小,211,1,1,1,1,1,1,1,1,4,1,1,1,1,1,1,1,1,1
247,內壢國小,212,0,1,1,1,1,2,4,4,4,3,2,2,1,2,1,1,1,2
248,內壢國小,213,0,1,1,1,1,1,1,2,1,1,1,1,1,1,1,1,1,1
249,內壢國小,214,0,1,2,1,1,1,1,4,4,4,2,2,4,3,1,4,3,3
250,內壢國小,215,0,1,1,1,1,1,1,4,4,4,2,2,3,2,4,4,2,2
251,內壢國小,216,0,1,1,1,1,2,1,4,4,4,1,3,4,3,2,4,4,4
252,內壢國小,217,0,1,3,2,1,2,1,4,4,4,2,2,4,3,4,4,4,4
253,內壢國小,218,0,1,2,2,1,2,3,4,4,4,1,1,3,2,1,1,1,3
254,內壢國小,219,0,1,1,1,1,1,1,1,1,1,1,1,1,1,1,1,1,1
255,內壢國小,220,1,1,1,1,1,1,1,4,4,4,1,1,4,1,4,4,4,4
256,內壢國小,221,1,1,2,2,2,2,2,3,3,3,2,2,2,2,3,3,3,3
257,內壢國小,222,1,1,1,1,1,1,1,4,4,4,2,2,4,2,2,4,2,4
258,內壢國小,223,1,1,1,1,1,1,1,2,2,2,1,1,1,2,2,2,2,3
259,內壢國小,224,1,1,2,1,1,1,1,1,1,1,1,1,1,1,1,1,1,1
261,內壢國小,225,1,1,1,1,1,2,1,4,4,4,2,1,4,2,3,4,3,4
263,內壢國小,226,0,1,1,1,1,4,4,2,4,4,4,1,3,1,2,1,1,4
264,內壢國小,227,1,1,2,2,1,1,1,1,1,2,,1,1,1,1,2,4,1
265,內壢國小,228,0,1,1,1,1,1,1,2,3,3,4,4,3,4,2,3,1,2
266,內壢國小,229,0,1,4,3,4,4,4,3,4,1,2,4,3,,1,4,2,3
267,內壢國小,230,1,1,1,1,1,1,1,1,1,2,2,2,4,3,1,2,1,2
268,內壢國小,231,0,,2,2,2,2,2,2,2,2,2,2,2,2,2,2,2,2
269,內壢國小,232,0,1,2,2,2,2,2,2,2,2,2,2,2,2,2,2,2,2
271,內壢國小,233,0,1,1,1,4,1,4,1,4,2,2,2,3,2,4,1,1,1
272,內壢國小,234,1,,1,1,1,1,1,1,1,1,1,1,1,1,1,1,1,1
274,內壢國小,235,0,1,2,2,2,2,2,2,2,2,2,2,2,2,2,2,2,2
275,內壢國小,236,1,1,2,2,2,2,2,1,2,2,2,2,2,1,2,2,1,2
276,內壢國小,237,0,1,3,1,2,2,2,4,4,4,4,4,4,4,4,3,4,3
279,內壢國小,238,1,1,2,2,2,2,3,3,3,3,2,2,2,2,2,2,3,3
280,內壢國小,239,1,1,1,1,1,1,1,1,1,1,1,1,1,1,1,1,1,1
282,內壢國小,240,1,1,2,2,2,2,2,2,2,2,2,2,2,2,2,2,2,2
283,內壢國小,241,0,,1,1,1,1,1,1,1,1,1,1,3,1,3,1,1,1
284,內壢國小,242,0,1,2,2,2,2,2,2,2,2,2,,2,2,2,2,2,2
285,內壢國小,243,1,1,1,1,1,1,1,1,1,1,1,1,1,1,1,1,1,1
286,內壢國小,244,0,1,2,2,2,3,4,2,3,1,3,3,2,3,4,3,3,2
288,內壢國小,245,0,1,4,2,2,2,2,2,4,2,1,3,4,3,1,4,2,2
289,內壢國小,246,0,,1,1,1,1,1,1,1,1,1,1,1,1,1,1,1,1
290,內壢國小,247,1,1,2,2,2,2,2,4,4,4,2,2,4,4,2,2,4,4
291,內壢國小,248,1,1,4,2,2,4,4,4,2,3,2,4,2,3,4,2,3,2
292,內壢國小,249,1,1,1,1,1,1,1,1,1,1,1,1,2,2,1,1,1,1
293,內壢國小,250,1,,1,1,1,1,3,2,2,2,2,2,2,2,2,2,2,2
294,祥安國小,251,1,1,1,1,1,2,1,1,1,1,1,1,1,1,1,1,1,1
295,祥安國小,252,1,1,1,1,1,3,1,1,3,1,3,4,4,4,3,1,3,3
296,祥安國小,253,0,1,1,1,1,2,4,1,4,4,4,2,1,1,3,1,1,4
297,祥安國小,254,0,1,1,1,2,2,1,1,1,1,2,1,2,1,1,2,1,4
298,祥安國小,255,0,1,1,1,1,1,1,1,1,1,1,1,,1,1,4,1,1
299,祥安國小,256,0,1,2,1,1,1,1,2,1,1,1,1,2,2,3,2,2,2
300,祥安國小,257,0,1,3,1,1,4,1,1,1,1,1,1,1,4,4,2,1,1
301,祥安國小,258,0,1,2,1,1,1,1,1,1,1,1,1,1,1,2,3,1,2
302,祥安國小,259,1,1,4,1,1,3,1,1,1,1,4,1,1,4,1,1,1,4
303,祥安國小,260,1,1,4,1,1,4,1,1,4,1,4,4,4,4,1,4,1,1
304,祥安國小,261,1,1,1,1,1,1,1,1,1,1,1,1,1,1,1,1,1,1
305,祥安國小,262,1,1,4,4,2,1,1,1,2,1,1,1,1,2,1,1,1,1
306,祥安國小,263,0,1,1,1,2,2,3,1,1,1,2,2,3,3,2,1,1,2
308,祥安國小,264,0,1,3,3,2,3,2,1,2,1,2,1,4,1,1,1,1,1
310,祥安國小,265,0,1,2,2,2,2,2,3,3,3,2,2,2,1,2,1,2,3
312,祥安國小,266,1,1,1,1,1,1,2,1,4,1,1,1,1,4,3,1,4,1
313,祥安國小,267,1,1,1,1,1,4,1,1,4,1,1,1,1,4,1,1,1,1
314,祥安國小,268,1,1,1,1,1,1,1,4,1,1,1,1,,1,1,2,1,1
315,祥安國小,269,1,1,4,1,1,1,1,1,1,1,1,1,1,1,1,1,1,1
316,祥安國小,270,1,1,1,1,1,1,1,1,1,1,1,1,1,1,1,1,1,1
317,祥安國小,271,1,1,2,1,1,4,1,2,4,3,1,1,4,4,4,4,2,2
318,祥安國小,272,1,1,2,4,1,4,3,3,3,3,2,3,4,1,3,3,4,3
319,祥安國小,273,1,1,4,2,2,2,2,2,2,4,2,2,2,4,2,4,2,4
320,祥安國小,274,1,1,3,2,4,3,1,2,1,4,1,1,4,4,4,2,4,4
323,祥安國小,275,1,1,4,1,1,1,1,2,1,1,2,2,3,2,2,1,2,1
324,祥安國小,276,1,1,2,1,1,2,1,2,1,1,1,1,1,2,1,1,1,2
325,祥安國小,277,1,1,3,2,2,3,2,2,2,1,2,1,2,2,3,4,3,2
334,祥安國小,278,0,0,3,2,2,3,3,4,4,3,4,4,4,4,2,3,3,3
335,祥安國小,279,0,0,1,2,3,1,1,4,4,3,4,3,3,4,2,4,3,3
336,祥安國小,280,1,0,4,1,1,1,1,4,4,4,2,2,4,2,3,1,1,1
339,祥安國小,281,1,0,1,1,1,3,1,3,2,3,1,1,1,1,1,1,2,2
340,祥安國小,282,1,0,3,2,3,4,4,4,4,3,,,4,4,3,2,4,2
341,祥安國小,283,1,0,4,1,1,1,4,2,3,3,2,2,4,4,2,1,2,2
342,祥安國小,284,1,0,1,1,1,1,1,1,1,1,1,1,1,1,1,1,1,1
344,祥安國小,285,0,0,2,2,2,3,3,2,3,2,3,3,3,2,2,3,3,2
345,祥安國小,286,0,0,3,2,3,3,2,2,2,3,3,3,3,3,4,3,3,3
346,祥安國小,287,0,0,4,2,2,2,1,4,4,4,2,2,4,4,4,2,2,2
347,祥安國小,288,0,0,3,1,1,4,3,2,3,2,1,1,2,4,3,2,2,2
349,祥安國小,289,1,0,4,4,4,4,4,4,4,4,1,4,4,4,4,4,1,4
350,祥安國小,290,1,0,2,1,2,3,2,1,3,1,1,2,4,3,4,2,3,2
351,祥安國小,291,1,0,2,1,1,2,2,2,3,1,1,1,1,1,3,1,1,1
352,祥安國小,292,1,0,1,1,1,1,1,2,3,1,1,1,2,,3,3,2,2
353,祥安國小,293,1,0,1,4,1,2,1,1,3,4,4,3,4,4,1,1,1,1
354,祥安國小,294,0,0,4,1,2,4,4,3,4,4,3,3,4,4,4,4,4,4
356,祥安國小,295,0,0,1,1,1,1,1,1,1,1,1,1,1,1,1,1,1,1
357,祥安國小,296,0,0,2,2,1,2,2,1,2,2,1,1,2,1,1,1,2,1
358,祥安國小,297,0,0,4,3,1,3,4,3,3,1,2,2,3,4,2,3,1,2
359,祥安國小,298,1,0,1,1,1,2,2,3,4,3,2,2,3,1,4,3,2,1
360,祥安國小,299,1,0,2,1,1,2,4,3,4,3,3,3,4,4,3,3,3,3
361,祥安國小,300,1,0,3,2,1,2,2,4,4,3,2,2,4,2,3,4,3,3
362,祥安國小,301,1,0,4,1,1,1,3,4,4,3,2,4,3,4,2,4,4,4
363,龍山國小,302,0,1,4,1,3,4,4,1,4,1,2,2,3,4,1,2,1,2
364,龍山國小,303,0,1,3,3,3,3,3,3,3,3,3,3,3,3,3,1,2,3
365,龍山國小,304,1,1,1,1,1,3,3,2,2,1,4,4,4,4,4,3,3,3
366,龍山國小,305,1,1,1,1,1,1,4,1,2,1,3,2,2,4,1,1,1,3
367,龍山國小,306,0,1,1,1,1,1,1,4,4,4,4,3,4,4,4,4,4,4
368,龍山國小,307,0,1,4,3,2,4,4,3,4,3,2,3,4,4,3,4,4,4
369,龍山國小,308,1,1,3,2,1,1,1,4,4,3,3,3,4,4,3,3,3,4
370,龍山國小,309,1,1,3,2,2,4,3,2,2,2,4,4,3,3,2,1,2,3
371,龍山國小,310,1,1,2,1,2,3,2,1,2,3,1,2,3,3,2,1,3,3
372,龍山國小,311,1,1,2,1,1,1,2,1,2,1,2,2,3,2,3,3,3,2
375,龍山國小,312,,,4,3,2,3,4,1,2,2,2,2,3,1,3,2,3,1
376,龍山國小,313,1,1,2,1,1,3,2,1,2,1,1,2,2,4,2,3,3,3
377,龍山國小,314,1,1,4,3,2,4,2,2,4,2,4,2,4,4,4,4,4,4
378,龍山國小,315,1,1,1,1,1,1,1,2,2,2,1,1,2,2,2,2,1,1
379,龍山國小,316,0,1,4,4,4,4,4,3,3,4,4,4,4,4,4,3,4,4
380,龍山國小,317,1,1,1,1,1,4,1,1,1,1,1,1,4,4,1,1,1,1
381,龍山國小,318,0,1,1,1,1,4,4,1,4,2,4,4,2,4,4,2,2,4
382,龍山國小,319,1,1,2,2,2,4,3,3,2,3,4,3,2,3,3,4,2,3
383,龍山國小,320,1,1,1,1,1,1,3,1,1,1,1,1,2,1,1,1,2,3
384,龍山國小,321,1,1,4,4,4,4,4,4,4,4,4,4,1,1,1,1,1,1
385,龍山國小,322,1,0,4,1,3,4,4,3,4,3,1,2,4,3,1,2,1,1
387,龍山國小,323,0,1,2,2,2,4,4,4,4,3,1,1,4,1,2,2,1,4
388,龍山國小,324,0,1,4,1,4,3,2,1,4,1,3,2,4,3,2,4,2,1
389,龍山國小,325,1,1,2,3,1,2,3,3,2,4,3,1,4,3,4,4,2,3
390,龍山國小,326,1,1,4,4,1,4,1,1,2,4,2,1,4,4,1,2,2,3
391,龍山國小,327,1,1,2,2,3,3,3,4,4,4,1,1,4,4,4,4,4,4
392,龍山國小,328,0,1,2,1,2,4,4,2,2,1,2,2,4,2,4,4,3,4
393,龍山國小,329,1,1,1,1,1,1,1,1,1,2,1,1,2,3,1,3,1,1
394,龍山國小,330,0,1,4,2,4,4,4,4,4,2,2,2,4,2,2,4,1,4
395,龍山國小,331,1,0,1,1,1,1,1,2,2,2,1,1,2,2,2,2,2,2
396,龍山國小,332,1,0,2,1,2,3,2,2,3,3,3,2,2,3,2,3,2,2
397,龍山國小,333,1,0,4,3,4,4,3,4,4,4,4,4,3,4,4,3,4,4
398,龍山國小,334,0,0,4,3,3,4,2,3,4,2,2,2,4,4,4,3,4,3
399,龍山國小,335,0,0,4,2,2,4,3,4,4,4,3,4,3,4,4,4,4,2
400,龍山國小,336,1,0,2,2,1,1,3,4,,1,1,2,4,4,2,4,2,4
401,龍山國小,337,0,0,4,1,1,4,1,2,4,4,1,1,4,2,1,4,1,4
402,龍山國小,338,0,0,4,3,3,4,3,4,4,4,3,3,3,4,4,4,4,4
403,龍山國小,339,0,0,4,3,3,4,3,4,4,4,4,4,4,4,4,4,4,4
404,龍山國小,340,1,0,4,1,1,4,4,4,4,4,2,4,4,4,1,4,4,4
406,龍山國小,341,0,0,3,3,3,4,4,4,4,4,3,3,3,4,4,4,3,4
407,龍山國小,342,1,0,1,1,1,1,1,1,1,1,1,1,1,1,1,1,1,1
408,龍山國小,343,1,0,1,1,1,1,3,3,3,3,3,2,3,4,3,2,4,4
409,龍山國小,344,1,0,4,4,4,2,4,4,3,3,2,4,2,2,4,3,2,4
410,龍山國小,345,0,0,4,3,4,4,4,4,4,4,3,3,4,3,3,4,4,4
411,龍山國小,346,0,0,2,2,1,1,1,3,4,4,4,4,4,4,2,4,4,4
412,龍山國小,347,0,0,4,2,4,4,4,4,4,4,4,4,4,4,4,4,4,4
413,龍山國小,348,0,0,2,2,3,3,2,3,4,4,3,2,3,4,4,4,4,3
415,龍山國小,349,1,0,2,2,2,4,4,3,4,4,2,3,3,1,2,1,2,4
416,龍山國小,350,1,0,1,1,2,2,1,1,2,1,2,2,1,1,2,1,1,2
418,龍山國小,351,0,0,2,1,2,4,1,2,4,4,2,2,4,2,1,2,1,4
420,龍山國小,352,1,0,4,3,3,4,4,4,4,4,3,4,4,4,3,3,4,4
421,龍山國小,353,0,0,4,2,2,4,2,4,4,4,4,4,3,4,4,2,3,4
422,龍山國小,354,0,0,1,4,1,1,1,1,1,1,1,1,1,1,1,1,1,1
423,龍山國小,355,0,0,4,3,4,4,2,4,4,4,4,4,4,4,4,4,4,4
424,龍山國小,356,1,0,4,1,1,1,1,4,4,4,3,4,4,4,4,4,4,4
425,龍山國小,357,1,0,3,2,2,2,1,1,1,1,2,1,1,3,2,1,1,1
427,西門國小,358,1,1,3,2,1,3,2,3,4,4,3,4,4,4,4,3,4,4
428,西門國小,359,,,4,1,1,4,4,4,4,4,4,4,4,4,4,4,4,3
429,西門國小,360,1,1,3,1,2,3,2,2,2,2,3,3,4,2,2,2,3,2
430,西門國小,361,0,1,3,1,1,3,3,4,4,4,4,4,4,4,3,3,4,4
431,西門國小,362,0,1,2,1,1,3,2,3,3,4,3,3,4,4,3,3,3,4
432,西門國小,363,1,1,4,2,2,2,4,2,4,4,4,4,4,4,4,4,4,4
434,西門國小,364,0,1,4,4,2,4,4,4,4,4,4,4,4,4,4,2,4,4
435,西門國小,365,0,1,4,2,2,4,4,4,4,4,4,4,4,4,4,4,4,4
436,西門國小,366,0,1,4,2,1,4,1,1,4,2,2,2,4,4,2,2,2,3
437,西門國小,367,1,1,2,2,2,2,2,2,2,2,2,2,1,1,1,1,1,1
438,西門國小,368,1,1,2,,2,4,2,4,4,3,3,2,4,4,4,4,1,2
439,西門國小,369,1,1,4,4,4,1,4,4,4,4,4,4,4,4,4,4,4,4
440,西門國小,370,1,1,2,3,2,3,4,4,4,4,3,4,4,4,4,4,3,4
441,西門國小,371,0,1,2,3,3,3,2,2,2,3,3,2,3,2,2,2,3,2
442,西門國小,372,1,1,1,1,2,3,4,3,2,1,1,1,2,3,4,3,2,1
443,西門國小,373,1,,2,2,1,1,2,4,4,4,4,4,2,2,4,2,3,4
444,西門國小,374,0,1,4,3,4,4,4,4,4,4,4,4,4,4,4,4,4,4
446,西門國小,375,1,1,4,4,4,4,4,4,4,4,4,4,4,4,4,4,4,4
447,西門國小,376,,,2,2,2,2,2,2,2,2,2,2,2,2,2,2,2,2
448,西門國小,377,1,1,2,2,3,3,2,3,4,2,2,3,4,2,3,4,3,2
449,西門國小,378,,,1,1,1,1,1,1,4,2,1,1,1,1,4,1,1,1
451,西門國小,379,0,1,3,2,2,4,3,4,4,3,4,4,2,4,4,4,3,4
453,西門國小,380,1,1,4,3,3,4,4,3,4,3,4,4,4,4,4,3,3,3
454,西門國小,381,1,1,4,2,2,2,4,4,4,2,2,2,4,4,4,4,3,2
455,西門國小,382,0,1,4,4,4,4,4,4,4,4,4,4,4,4,4,4,4,4
456,西門國小,383,1,1,4,4,2,4,2,4,4,4,4,4,4,4,4,4,1,4
458,西門國小,384,1,1,4,4,2,4,4,4,4,4,4,4,4,4,4,4,4,4
459,西門國小,385,1,1,2,4,4,4,2,4,4,4,2,4,4,4,4,4,4,4
461,菓林國小,386,1,0,2,2,2,2,2,4,4,4,2,4,2,2,4,2,4,2
462,菓林國小,387,,,4,3,4,4,3,3,4,4,4,4,4,4,4,3,4,4
463,菓林國小,388,1,1,2,2,2,2,3,2,2,2,2,2,2,1,4,1,2,3
464,菓林國小,389,1,0,3,3,3,4,4,4,4,3,3,4,4,3,4,4,4,3
465,菓林國小,390,1,,2,2,2,2,1,4,4,4,1,1,1,2,4,1,2,2
466,菓林國小,391,0,1,2,2,2,4,4,4,4,4,4,4,4,4,4,4,4,4
467,菓林國小,392,0,,1,1,2,2,1,3,3,2,2,2,2,3,3,2,2,2
468,菓林國小,393,1,0,1,1,1,1,1,1,3,3,2,2,2,1,4,4,2,2
469,菓林國小,394,1,1,2,3,2,2,2,2,2,2,2,2,2,1,2,2,1,2
470,菓林國小,395,0,1,2,1,1,1,1,2,2,2,1,1,1,1,2,1,1,1
472,菓林國小,396,0,0,3,2,2,2,2,3,4,3,2,2,3,4,3,3,3,4
473,菓林國小,397,1,1,2,2,2,2,2,2,4,3,3,3,3,4,4,4,2,3
474,菓林國小,398,1,1,1,1,1,1,1,1,1,1,1,1,1,1,1,1,1,1
475,菓林國小,399,0,1,2,2,3,2,2,2,2,2,4,4,2,4,2,3,2,2
476,菓林國小,400,1,,3,3,3,1,1,2,2,2,1,1,1,4,1,2,2,2
477,菓林國小,401,0,1,2,2,2,3,2,3,3,3,3,3,2,2,3,2,2,2
478,菓林國小,402,0,1,3,2,2,2,2,2,2,2,2,2,2,2,2,2,2,2
479,菓林國小,403,1,1,3,3,3,3,3,2,3,2,3,3,3,3,3,3,3,3
481,菓林國小,404,0,1,1,1,1,1,1,3,3,4,2,2,4,4,4,4,3,4
482,菓林國小,405,0,1,2,2,2,2,4,2,4,2,2,2,2,4,2,2,2,4
483,菓林國小,406,0,1,2,2,2,2,2,2,2,2,2,2,2,2,2,2,2,
484,菓林國小,407,0,1,2,2,1,2,1,2,2,2,2,2,2,3,2,2,1,1
485,菓林國小,408,1,1,2,2,2,2,2,2,2,1,2,2,2,2,2,2,2,2
487,菓林國小,409,0,1,1,1,1,1,1,1,3,4,3,3,4,3,4,4,2,4
488,菓林國小,410,,,4,2,2,1,1,2,2,2,2,2,2,4,3,3,2,4
489,菓林國小,411,1,1,3,2,2,2,2,2,3,3,2,2,3,2,2,2,2,3
490,菓林國小,412,1,1,2,2,3,2,2,2,1,1,2,1,1,1,2,2,2,2
491,菓林國小,413,1,1,2,3,1,3,1,2,2,3,2,2,3,3,3,3,2,2
492,菓林國小,414,0,1,2,1,1,4,2,2,2,3,3,3,3,4,3,4,4,4
493,菓林國小,415,1,1,2,1,1,1,1,3,2,3,4,4,1,4,4,1,2,3
494,菓林國小,416,0,1,2,2,2,1,2,2,3,3,2,3,3,4,3,2,2,3
495,菓林國小,417,0,1,4,1,1,3,3,1,1,1,1,1,2,1,1,1,1,1
496,菓林國小,418,0,1,2,2,1,2,2,2,1,1,1,2,3,3,4,2,2,2
497,菓林國小,419,0,1,2,2,1,2,3,2,2,2,2,2,2,3,2,2,1,2
498,菓林國小,420,0,1,1,1,1,2,1,1,1,1,2,2,1,4,2,1,2,1
500,菓林國小,421,0,1,3,1,1,1,1,1,1,1,1,1,1,3,3,1,1,1
501,菓林國小,422,1,1,4,1,2,1,1,1,4,4,3,4,4,4,2,1,4,1
502,菓林國小,423,1,1,2,1,2,2,1,2,2,3,2,3,4,4,3,4,2,2
503,菓林國小,424,0,1,4,2,1,4,3,2,4,1,2,1,1,3,1,1,1,1
505,菓林國小,425,0,1,3,2,2,2,1,1,1,2,3,1,2,2,3,2,1,1
508,菓林國小,426,1,1,1,1,1,1,1,1,1,1,1,1,1,1,1,1,1,1
509,菓林國小,427,1,1,1,2,2,3,1,2,3,2,3,2,1,1,1,2,2,2
510,菓林國小,428,1,1,2,1,1,1,1,1,4,4,3,4,4,4,2,1,2,1
511,菓林國小,429,1,1,4,2,2,2,4,3,3,3,3,3,4,4,4,4,2,1
513,菓林國小,430,0,1,1,1,1,1,1,2,2,1,1,2,3,1,3,2,3,2
514,菓林國小,431,1,1,2,2,3,4,3,3,4,4,3,4,3,2,3,2,3,2
515,菓林國小,432,0,1,1,1,2,2,1,1,1,1,1,1,1,1,1,1,1,1
516,菓林國小,433,,1,3,1,1,4,2,,1,3,1,1,1,3,1,2,1,1
517,菓林國小,434,1,1,3,2,2,2,2,4,3,4,2,4,4,2,3,2,4,4
518,菓林國小,435,0,1,1,1,1,1,1,1,1,1,1,1,1,1,1,2,2,2
519,楊明國小,436,1,1,2,3,2,4,3,3,2,2,3,3,2,4,2,2,3,3
520,楊明國小,437,,1,3,2,3,2,2,3,3,2,2,2,2,3,2,3,2,2
521,楊明國小,438,1,1,1,1,1,1,1,4,4,3,3,2,4,4,3,4,3,1
522,楊明國小,439,1,1,2,1,1,1,2,4,4,3,3,2,4,4,4,2,3,2
523,楊明國小,440,1,1,4,2,3,2,2,3,3,2,4,4,2,4,4,3,2,4
524,楊明國小,441,0,1,2,1,1,3,2,4,4,3,1,2,4,2,4,4,3,4
525,楊明國小,442,1,1,3,2,2,4,2,2,3,2,3,2,2,3,3,2,3,2
526,楊明國小,443,0,1,3,2,2,3,2,4,4,4,3,3,4,4,3,4,3,4
527,楊明國小,444,0,1,2,2,2,3,2,3,3,3,3,3,4,4,3,3,3,4
528,楊明國小,445,1,1,4,2,3,4,4,4,4,3,4,4,4,4,4,3,4,4
529,楊明國小,446,1,1,2,2,2,3,2,3,3,3,2,2,2,2,2,2,2,3
530,楊明國小,447,0,1,2,1,2,4,1,2,2,2,2,2,2,2,2,2,2,2
531,楊明國小,448,1,1,4,3,2,2,2,3,4,2,4,4,4,4,4,1,2,2
532,楊明國小,449,0,1,2,2,2,1,2,2,2,2,2,2,2,2,2,2,2,2
533,楊明國小,450,1,1,4,4,4,4,4,4,4,4,4,4,4,4,4,4,4,4
534,楊明國小,451,1,1,4,2,3,4,2,3,4,4,3,3,4,4,4,3,3,2
535,楊明國小,452,0,1,2,1,1,4,1,1,4,4,4,4,4,3,3,4,4,2
536,楊明國小,453,1,1,4,2,3,4,2,3,3,4,3,2,4,4,3,4,3,3
537,楊明國小,454,0,1,4,1,2,2,2,3,2,2,2,4,1,2,1,2,2,2
539,楊明國小,455,0,1,2,2,1,2,1,1,2,2,2,2,2,2,2,3,2,2
540,楊明國小,456,0,1,1,1,1,2,1,2,2,1,2,2,,,2,2,2,1
541,楊明國小,457,0,1,3,1,1,2,1,3,2,2,2,2,4,3,2,1,2,2
542,楊明國小,458,1,1,1,1,1,1,1,1,1,1,1,,2,2,1,1,2,1
543,楊明國小,459,1,1,3,1,1,1,1,1,1,3,2,2,1,1,2,1,2,2
544,楊明國小,460,0,1,3,2,2,2,3,3,4,4,3,2,2,4,4,1,4,3
546,楊明國小,461,1,1,3,2,2,1,1,3,1,2,1,2,1,1,3,1,3,2
547,楊明國小,462,0,1,3,3,3,3,2,3,3,3,2,3,2,2,2,2,3,3
548,楊明國小,463,0,1,2,1,1,1,2,4,4,2,3,3,1,3,3,4,2,2
549,楊明國小,464,0,1,2,1,2,1,2,2,2,4,4,4,4,4,4,4,4,4
551,楊明國小,465,0,0,2,1,2,2,2,2,2,2,2,2,3,2,2,2,2,4
552,楊明國小,466,0,0,2,2,2,2,3,4,2,2,2,2,4,3,2,4,2,2
553,楊明國小,467,0,0,4,1,1,1,1,4,4,2,2,2,4,4,4,2,2,2
554,楊明國小,468,0,0,3,3,2,3,3,2,2,2,2,2,4,4,4,4,3,4
555,楊明國小,469,1,0,1,1,1,4,2,1,1,1,1,1,3,2,2,4,2,2
556,楊明國小,470,1,0,4,3,2,4,4,4,4,4,3,4,4,4,4,4,2,2
557,楊明國小,471,0,0,4,3,3,3,3,4,4,4,3,4,4,4,4,4,4,3
558,楊明國小,472,0,0,2,1,2,1,1,2,2,3,2,2,3,3,3,3,2,2
560,楊明國小,473,0,0,1,1,1,2,2,2,3,3,2,3,1,3,2,3,3,1
561,楊明國小,474,1,0,2,1,1,3,1,1,3,3,1,2,1,4,2,3,4,1
562,楊明國小,475,1,0,1,1,1,2,1,2,2,1,2,1,2,3,2,3,2,2
563,楊明國小,476,1,0,3,1,1,4,2,3,3,2,3,4,4,4,4,4,4,4
564,楊明國小,477,1,0,4,1,2,1,4,4,3,3,3,3,3,3,3,3,3,3
565,楊明國小,478,1,0,2,4,1,4,4,1,2,1,2,4,4,4,4,4,2,2
566,楊明國小,479,0,0,4,1,1,3,2,1,2,2,3,3,3,3,3,2,2,2
567,楊明國小,480,1,0,2,1,1,1,1,2,,2,2,2,4,4,4,4,3,3
568,楊明國小,481,0,0,4,1,1,1,1,3,3,4,3,3,4,4,4,4,4,4
569,楊明國小,482,0,0,1,1,1,1,1,3,3,2,2,2,1,3,3,4,3,3
570,楊明國小,483,1,0,2,1,1,2,1,1,1,2,1,1,2,4,3,1,1,2
571,楊明國小,484,0,0,4,2,2,2,2,3,3,2,2,2,3,3,4,4,2,4
573,楊明國小,485,0,0,3,2,1,4,3,4,4,3,2,2,3,4,3,4,3,3
575,楊明國小,486,1,0,1,1,1,1,1,1,1,2,1,1,1,4,4,1,1,2
576,楊明國小,487,1,0,1,1,1,1,2,4,4,4,3,2,4,3,4,4,4,3
577,楊明國小,488,1,0,1,1,1,1,3,3,3,3,3,2,2,2,2,2,2,2
578,楊明國小,489,1,0,3,1,1,3,1,2,3,4,2,3,4,4,4,4,4,4
579,楊明國小,490,1,0,1,1,1,1,1,2,2,2,2,1,2,3,3,2,3,3
580,楊明國小,491,0,0,3,2,2,2,2,3,4,4,2,4,4,1,2,2,3,3
581,楊明國小,492,1,0,1,1,1,1,1,1,1,1,1,1,1,1,1,1,1,1
582,八德國小,493,1,0,4,4,4,4,4,4,4,4,4,4,4,4,3,4,3,4
583,八德國小,494,0,0,3,4,3,2,1,4,3,2,3,4,4,3,2,3,4,3
584,八德國小,495,1,1,4,3,3,4,4,4,4,4,3,3,4,4,3,4,4,3
585,八德國小,496,0,1,2,2,3,4,4,3,3,3,4,2,4,3,3,4,2,4
587,八德國小,497,0,1,3,1,1,1,1,2,3,4,1,1,2,1,2,3,1,2
588,八德國小,498,1,1,4,4,3,3,3,4,3,4,4,3,4,3,4,3,4,3
590,八德國小,499,1,1,2,4,2,4,4,4,4,4,2,4,2,4,4,2,4,2
591,八德國小,500,1,1,4,4,4,4,4,2,4,4,3,3,3,3,3,3,3,3
592,八德國小,501,1,1,2,2,3,4,3,4,4,4,4,4,2,2,4,4,4,4
593,八德國小,502,1,1,1,1,1,1,1,3,3,3,1,1,3,3,3,3,3,3
594,八德國小,503,,,2,1,1,2,3,2,1,2,1,2,1,2,2,1,,2
595,八德國小,504,0,1,1,1,1,1,1,1,4,4,1,1,4,2,1,4,1,4
596,八德國小,505,0,1,1,1,1,2,2,1,1,1,1,1,1,1,1,1,1,1
597,八德國小,506,0,1,2,2,1,4,3,3,2,3,2,2,3,4,4,3,2,2
598,八德國小,507,0,1,2,2,2,2,2,2,2,2,2,2,2,2,2,2,2,2
599,八德國小,508,0,1,3,3,2,3,4,4,4,4,3,4,2,4,3,2,4,4
600,八德國小,509,0,1,2,4,2,2,2,2,2,2,2,2,4,3,3,3,3,3
601,八德國小,510,1,1,4,2,2,2,2,2,2,2,2,2,2,2,2,2,2,2
604,八德國小,511,0,0,4,2,4,4,2,4,4,3,2,3,4,4,3,2,3,3
605,八德國小,512,0,0,3,2,2,2,2,3,2,4,2,3,4,1,2,2,2,4
606,八德國小,513,0,0,2,2,2,2,2,2,2,2,2,2,2,2,2,2,2,2
607,八德國小,514,,,1,1,1,1,1,1,1,1,1,1,1,1,1,1,1,1
608,八德國小,515,0,0,4,2,3,4,2,2,3,3,4,4,3,4,3,3,4,4
610,八德國小,516,,,2,2,2,2,2,2,2,2,2,2,2,2,2,2,2,2
611,八德國小,517,0,0,4,4,4,4,4,4,4,4,4,4,4,4,4,4,4,4
612,八德國小,518,1,0,2,1,1,1,1,3,4,3,4,4,3,3,4,4,4,3
613,八德國小,519,0,1,3,3,3,3,3,3,3,3,3,3,3,3,3,3,3,3
614,八德國小,520,0,0,3,2,3,4,2,4,3,2,4,2,3,2,3,4,3,2
615,八德國小,521,0,0,4,2,2,4,4,3,4,4,2,2,3,4,2,3,2,2
616,八德國小,522,0,0,4,2,2,4,1,2,4,3,1,1,3,4,2,4,2,3
617,八德國小,523,0,0,,4,4,4,4,4,4,4,4,4,4,4,4,4,4,4
618,八德國小,524,1,0,2,1,1,4,4,2,4,4,4,4,4,1,2,4,2,2
619,八德國小,525,1,0,2,2,2,2,2,2,2,2,2,2,2,2,2,2,2,2
620,八德國小,526,1,1,3,2,1,2,3,3,2,1,2,3,3,2,1,2,3,4
621,八德國小,527,1,0,3,3,2,3,2,3,3,3,3,3,3,3,3,3,3,3
622,八德國小,528,1,0,4,4,4,4,4,3,2,2,3,2,2,3,4,3,2,3
625,八德國小,529,0,0,4,2,2,2,2,4,4,4,2,2,2,4,2,4,4,4
626,八德國小,530,,0,4,2,4,4,3,4,4,4,4,4,4,3,4,2,2,4
627,八德國小,531,0,1,2,2,2,2,2,2,2,2,2,2,2,2,2,2,2,2
628,八德國小,532,1,1,4,4,4,2,4,4,4,4,4,4,4,4,4,4,4,4
629,八德國小,533,1,0,3,2,1,2,2,2,3,4,3,4,3,2,4,1,3,3
631,八德國小,534,1,0,1,1,1,1,1,1,1,1,1,1,1,1,1,1,1,1
632,八德國小,535,1,1,4,2,2,2,2,2,2,2,2,2,2,2,2,2,2,2
633,八德國小,536,1,1,1,1,1,1,1,1,1,1,1,1,3,3,3,3,3,3
634,八德國小,537,0,,2,3,1,4,4,1,4,1,1,1,1,4,2,1,1,1
635,八德國小,538,0,1,2,1,1,2,2,4,4,4,2,4,4,2,3,1,3,3
636,八德國小,539,0,1,3,2,2,2,2,1,2,2,2,2,2,2,2,2,2,2
637,八德國小,540,0,1,2,2,2,3,1,2,2,4,2,2,2,2,2,4,2,4
639,八德國小,541,,,1,4,4,4,2,2,3,2,2,2,2,2,2,,2,4
640,八德國小,542,1,1,2,2,2,4,2,4,4,4,3,3,2,2,4,2,3,2
641,八德國小,543,,,2,4,2,4,4,4,3,4,4,3,2,4,3,2,2,3
642,八德國小,544,1,1,3,3,4,4,4,4,4,4,4,4,3,4,4,3,4,4
643,八德國小,545,1,1,2,3,3,3,3,3,3,3,3,3,3,4,4,4,3,3
644,龍星國小,546,0,0,2,1,2,,1,1,1,1,1,1,2,1,2,1,2,1
645,龍星國小,547,1,0,3,2,4,1,1,1,4,2,1,4,3,4,2,4,1,4
646,龍星國小,548,0,0,2,1,1,2,1,1,3,4,2,2,3,3,3,3,4,4
647,龍星國小,549,,,1,1,1,1,1,1,1,1,1,1,1,4,1,1,1,1
648,龍星國小,550,1,0,4,2,2,2,2,3,2,2,2,2,3,4,4,1,2,1
649,龍星國小,551,1,0,2,2,2,4,2,4,4,4,4,1,4,4,4,4,4,3
650,龍星國小,552,0,0,4,4,4,4,4,4,4,4,4,4,4,4,4,4,4,4
651,龍星國小,553,0,0,4,4,4,4,3,4,3,4,2,3,3,4,3,4,1,2
652,龍星國小,554,1,0,4,2,1,3,2,4,4,4,4,2,4,4,2,2,4,2
653,龍星國小,555,1,1,1,1,1,1,1,4,4,1,1,1,1,1,1,1,1,3
654,龍星國小,556,1,0,1,1,2,4,2,2,2,2,1,1,4,4,3,2,2,1
655,龍星國小,557,0,0,4,1,4,1,1,4,4,4,3,4,1,4,1,1,3,4
656,龍星國小,558,1,0,1,1,2,4,2,4,4,3,1,1,4,4,3,3,3,4
657,龍星國小,559,1,0,2,3,2,3,3,2,2,2,3,3,3,2,3,2,2,2
658,龍星國小,560,1,0,4,4,4,4,4,4,4,4,4,4,3,4,4,4,4,4
659,龍星國小,561,0,0,4,2,3,4,4,3,4,2,4,4,4,4,4,3,2,3
660,龍星國小,562,0,0,2,1,2,1,2,2,2,3,1,2,3,2,3,2,2,2
661,龍星國小,563,1,0,4,2,1,3,3,2,3,4,3,3,3,4,4,3,3,2
663,龍星國小,564,0,0,4,3,4,3,4,2,4,2,3,3,4,4,3,4,4,4
664,龍星國小,565,1,0,2,2,2,2,2,4,4,3,2,2,4,4,3,3,3,3
665,龍星國小,566,1,0,2,2,2,3,3,3,4,4,3,3,3,4,4,4,4,4
666,龍星國小,567,0,0,1,1,1,1,1,4,4,4,2,2,4,4,4,2,2,2
667,龍星國小,568,0,0,4,1,4,4,4,4,4,3,2,4,4,4,4,3,4,4
668,龍星國小,569,0,0,4,2,4,2,3,4,4,4,3,3,4,4,4,4,4,4
669,龍星國小,570,0,0,4,3,4,2,4,2,4,2,2,4,4,4,4,4,1,1
670,龍星國小,571,1,0,1,1,1,2,1,1,1,1,1,1,1,2,1,1,1,1
671,龍星國小,572,1,0,3,2,3,2,2,4,3,3,3,4,3,4,4,3,2,2
672,龍星國小,573,1,0,2,1,1,1,1,4,3,2,1,1,1,3,2,1,3,4
673,龍星國小,574,1,,4,1,1,1,1,4,4,1,3,2,4,4,4,2,1,4
674,龍星國小,575,0,0,1,1,3,4,2,3,3,4,4,2,1,4,2,3,2,1
675,龍星國小,576,1,0,2,2,1,2,2,4,4,3,3,3,2,4,4,2,1,4
676,龍星國小,577,0,0,4,4,3,4,3,4,4,4,3,4,4,4,4,3,4,4
677,龍星國小,578,1,0,3,1,3,1,1,3,4,4,3,3,3,4,4,3,3,3
678,龍星國小,579,1,0,4,1,1,1,1,2,2,1,1,1,2,4,2,1,2,2
679,龍星國小,580,0,0,1,1,1,4,2,4,4,2,2,2,2,4,2,2,1,1
681,龍星國小,581,0,1,1,1,1,1,1,2,2,3,1,2,3,1,2,1,2,4
683,龍星國小,582,1,1,2,1,3,2,3,1,2,1,3,4,4,2,3,1,4,4
684,龍星國小,583,0,1,1,1,1,2,1,1,1,1,1,1,1,4,1,1,2,2
685,龍星國小,584,0,1,2,1,1,4,1,4,4,4,1,1,4,1,2,1,3,3
686,龍星國小,585,1,1,1,1,1,3,1,3,3,3,3,3,3,2,2,3,2,2
687,龍星國小,586,1,1,1,1,1,2,1,2,4,2,2,2,2,2,2,2,2,2
688,龍星國小,587,0,1,2,2,2,3,3,4,4,3,4,4,3,4,3,2,4,4
689,龍星國小,588,1,1,1,1,1,4,1,4,4,4,1,1,3,2,1,3,1,3
690,龍星國小,589,1,1,1,1,2,1,1,2,1,1,1,3,3,2,3,4,2,4
691,龍星國小,590,1,1,1,1,1,1,1,2,2,2,2,2,4,2,2,4,1,3
692,龍星國小,591,1,1,2,2,1,3,2,2,3,2,3,2,2,3,2,3,2,3
693,龍星國小,592,0,1,1,1,1,1,1,1,1,1,1,1,1,1,1,1,1,1
694,龍星國小,593,1,1,3,2,1,2,1,4,4,3,2,2,2,1,3,3,4,2
695,龍星國小,594,0,1,1,1,1,1,1,1,3,1,1,1,3,2,1,4,4,2
696,龍星國小,595,0,1,1,1,1,1,1,1,4,2,1,1,4,2,2,2,1,1
697,龍星國小,596,1,1,2,2,1,2,2,2,3,2,2,2,1,3,2,2,2,3
698,龍星國小,597,1,1,1,1,1,1,1,1,1,1,1,1,1,2,4,3,1,2
699,龍星國小,598,1,1,2,4,1,4,4,2,4,4,2,4,4,4,4,4,3,4
700,龍星國小,599,1,1,1,1,1,3,1,1,3,1,1,1,1,3,1,1,1,1
701,龍星國小,600,1,1,1,1,1,1,1,1,4,4,1,1,1,4,1,1,1,4
702,龍星國小,601,1,1,3,1,1,2,1,2,3,2,3,3,4,4,3,4,2,1
703,龍星國小,602,1,1,1,1,1,1,1,1,1,1,1,1,1,3,4,4,4,4
704,龍星國小,603,1,1,1,1,1,1,1,1,1,1,1,1,1,1,1,1,1,1
705,龍星國小,604,0,1,3,1,1,1,1,1,3,1,3,4,2,4,4,2,4,4
706,龍星國小,605,1,1,2,2,2,2,2,2,2,2,2,2,2,2,2,2,2,2
707,龍星國小,606,0,1,1,1,1,1,1,2,2,2,2,1,1,2,2,2,2,4
708,龍星國小,607,0,1,4,3,3,2,3,3,4,1,3,2,4,4,4,2,3,1
709,龍星國小,608,0,1,2,1,1,2,3,3,4,4,3,3,4,1,1,,4,4
710,龍星國小,609,1,1,1,1,1,1,1,2,1,1,1,1,1,1,1,1,1,2
711,龍星國小,610,1,,1,2,1,2,1,2,4,4,3,3,1,1,4,4,4,4
712,富岡國小,611,1,,2,1,1,3,1,4,4,4,1,1,4,4,2,4,1,1
713,富岡國小,612,1,,2,2,2,3,3,4,4,3,4,4,4,4,4,4,4,3
714,富岡國小,613,0,,4,3,3,4,4,3,4,3,3,3,4,4,4,3,3,3
715,富岡國小,614,1,,2,2,2,2,2,2,2,2,2,2,2,2,2,2,2,2
716,富岡國小,615,1,,4,1,4,3,3,4,4,4,4,4,4,3,4,4,3,3
717,富岡國小,616,1,,3,2,2,3,2,3,3,3,4,3,3,4,2,4,4,3
718,富岡國小,617,0,,2,2,2,2,2,2,2,2,2,2,2,2,2,2,2,2
719,富岡國小,618,1,,3,3,3,2,3,2,3,2,1,3,3,2,1,2,1,3
720,富岡國小,619,1,,2,2,2,2,2,4,4,4,4,4,4,4,3,2,3,2
721,富岡國小,620,1,,4,3,3,4,3,4,4,4,4,4,4,4,4,4,4,4
722,富岡國小,621,1,,2,2,1,1,1,1,1,4,1,1,4,4,4,4,2,2
723,富岡國小,622,1,,1,1,2,2,2,2,4,3,2,2,1,3,4,3,4,3
724,富岡國小,623,0,,1,1,2,2,3,2,2,2,1,3,3,2,2,2,3,3
725,富岡國小,624,0,,1,1,1,4,4,4,4,3,4,4,3,4,4,4,3,3
726,富岡國小,625,0,,4,4,4,4,3,4,4,4,4,4,4,4,4,4,4,4
727,富岡國小,626,1,,2,2,2,2,2,2,2,2,2,2,2,2,2,2,2,2
728,富岡國小,627,1,,4,2,2,3,2,4,4,4,4,4,4,3,4,4,4,4
729,富岡國小,628,0,,2,1,3,4,1,4,4,4,3,3,4,3,3,4,3,3
730,富岡國小,629,1,,2,2,2,2,2,2,2,2,3,2,3,4,3,3,3,3
731,富岡國小,630,1,,3,3,3,3,3,3,3,3,3,3,3,3,3,3,3,3
732,富岡國小,631,0,,4,4,2,4,2,2,4,2,4,2,2,4,4,4,4,2
733,富岡國小,632,0,,3,2,3,4,2,3,4,3,4,4,3,4,4,4,3,4
734,富岡國小,633,0,,2,1,1,2,1,2,2,3,3,3,3,2,3,3,3,1
735,富岡國小,634,1,,2,1,3,3,2,3,4,3,4,3,4,4,4,4,3,3
737,富岡國小,635,1,0,2,2,2,2,2,2,2,2,2,2,2,2,2,2,1,1
738,富岡國小,636,1,,2,1,4,3,1,3,3,4,4,4,1,1,1,2,2,2
739,富岡國小,637,0,,2,2,2,2,2,2,2,2,2,2,2,2,2,2,2,2
740,富岡國小,638,,1,4,2,2,2,3,3,2,3,4,2,3,4,2,2,3,3
741,富岡國小,639,1,,3,1,2,1,2,4,4,3,3,3,4,4,4,3,3,3
742,富岡國小,640,1,,1,3,4,3,4,2,1,2,3,4,3,2,4,2,2,4
743,富岡國小,641,1,,2,2,3,4,4,3,3,2,2,3,3,4,4,2,1,3
744,富岡國小,642,0,,3,1,3,4,1,3,4,3,3,3,3,4,3,4,3,3
746,富岡國小,643,0,,2,1,1,4,3,2,3,3,3,3,4,4,4,4,3,3
747,富岡國小,644,0,1,4,2,2,4,4,4,4,4,4,4,4,4,4,4,4,4
748,富岡國小,645,1,1,4,2,2,2,2,4,2,,2,2,4,2,2,2,2,2
749,富岡國小,646,1,1,2,2,2,2,2,4,2,2,4,2,2,4,4,2,4,2
750,富岡國小,647,1,1,2,2,2,2,2,2,2,2,2,2,2,2,2,2,2,2
752,富岡國小,648,0,1,1,1,1,4,1,2,4,1,4,4,3,4,4,1,2,1
754,富岡國小,649,1,1,2,1,2,2,2,2,2,2,1,2,1,2,2,2,2,2
755,富岡國小,650,1,1,1,1,1,2,2,3,4,2,4,3,4,4,4,3,2,3
756,富岡國小,651,0,1,4,3,2,4,3,2,3,4,4,4,4,4,3,3,2,1
757,富岡國小,652,,,3,3,3,4,3,3,4,3,3,3,3,4,3,3,3,3
760,富岡國小,653,0,,4,1,3,2,4,1,1,3,4,4,4,4,4,1,3,1
761,富岡國小,654,0,1,2,2,3,2,4,1,2,1,1,2,2,4,2,4,1,1
762,富岡國小,655,,,3,3,3,4,1,4,4,2,3,4,4,4,4,4,4,4
763,富岡國小,656,1,1,3,3,2,2,2,3,4,2,2,3,2,2,3,3,3,3
764,富岡國小,657,0,1,2,2,2,2,2,2,3,2,2,3,3,2,4,3,2,3
765,富岡國小,658,0,1,2,2,2,3,2,3,3,2,2,2,3,4,4,3,2,2
766,富岡國小,659,,1,2,2,1,2,1,2,3,2,1,2,4,2,3,1,3,4
767,富岡國小,660,1,1,2,3,2,4,2,2,2,2,2,1,2,2,4,1,2,4
768,富岡國小,661,0,1,2,2,1,1,1,2,2,3,2,2,2,2,2,4,2,2
769,富岡國小,662,0,,4,3,2,1,1,1,3,4,3,4,3,4,3,1,1,3
771,富岡國小,663,1,1,4,1,1,1,1,2,2,2,1,1,2,3,3,3,2,2
772,富岡國小,664,,1,4,3,2,2,2,4,4,4,4,4,2,4,2,2,2,2
773,富岡國小,665,0,1,2,2,2,2,2,2,2,2,2,2,2,2,2,4,4,4
774,富岡國小,666,0,1,2,2,2,2,2,3,3,3,3,4,,2,4,2,4,4
775,富岡國小,667,0,,1,1,1,2,1,1,1,1,1,1,1,4,3,1,1,1
776,富岡國小,668,1,1,3,2,2,4,2,3,3,2,3,3,4,4,4,4,2,3
777,富岡國小,669,1,,2,2,2,2,1,2,2,2,2,2,2,2,2,2,2,2
778,富岡國小,670,1,1,2,2,2,2,2,4,3,3,2,2,2,4,3,4,3,2
779,富岡國小,671,,,1,1,1,3,1,1,4,4,1,1,4,4,4,4,4,1
780,富岡國小,672,1,,2,1,2,1,1,1,1,3,1,1,4,4,3,1,1,1
781,中山二校,673,,,4,3,3,3,4,4,3,4,3,3,4,4,4,3,4,4
782,中山二校,674,0,1,4,2,4,2,2,4,4,4,2,2,4,4,4,4,4,2
783,中山二校,675,1,1,3,3,1,1,1,1,1,3,1,1,3,1,4,3,1,3
784,中山二校,676,1,,3,1,2,3,3,4,4,4,4,4,4,4,3,4,4,3
785,中山二校,677,1,,4,1,1,1,1,4,4,4,2,4,4,4,4,2,3,4
786,中山二校,678,,,2,2,1,1,2,3,2,1,2,1,4,1,4,2,3,1
787,中山二校,679,0,1,4,1,1,4,3,2,4,4,3,2,4,4,2,3,1,4
788,中山二校,680,0,1,2,2,2,2,2,2,2,2,2,2,2,2,2,2,2,2
789,中山二校,681,0,1,1,1,1,1,1,1,1,1,1,1,1,1,1,1,1,1
790,中山二校,682,1,1,3,2,2,2,2,3,4,4,3,3,3,4,2,2,3,3
791,中山二校,683,0,1,2,1,1,4,2,3,2,3,3,2,2,1,2,2,1,2
793,中山二校,684,0,1,2,2,2,2,2,1,1,1,1,1,2,2,2,2,2,2
795,中山二校,685,1,1,1,2,1,1,2,1,1,1,2,2,1,1,4,4,1,2
797,中山二校,686,1,1,2,1,1,1,1,4,4,4,4,4,4,4,4,4,4,4
798,中山二校,687,0,1,3,1,2,1,1,2,1,2,1,1,3,,,1,2,3
799,中山二校,688,0,,3,4,4,4,2,4,4,2,4,2,3,2,4,2,2,2
800,中山二校,689,1,,4,2,2,2,2,3,4,4,2,,4,4,4,4,2,4
801,中山二校,690,1,1,1,1,2,1,2,2,2,2,1,2,4,4,4,2,2,3
802,中山二校,691,0,1,1,1,1,1,1,1,1,1,1,1,1,1,1,1,1,1
803,中山二校,692,1,1,4,1,1,1,1,4,4,4,4,4,4,4,4,4,4,4
804,中山二校,693,0,,2,2,2,2,2,4,4,4,2,2,2,3,2,2,2,2
805,中山二校,694,0,1,2,1,1,1,2,3,3,3,4,3,3,4,2,2,2,2
806,中山二校,695,1,1,4,4,2,4,2,4,4,3,3,3,4,4,4,3,3,3
807,中山二校,696,0,1,1,1,2,2,1,2,2,2,2,2,2,2,2,2,3,4
808,中山二校,697,1,1,1,1,1,1,1,3,3,3,3,2,4,4,4,4,3,3
809,中山二校,698,1,1,1,1,1,1,1,1,1,1,1,1,1,1,1,1,1,1
810,中山二校,699,0,1,2,2,2,2,2,2,2,2,2,2,2,2,2,2,2,2
812,中山二校,700,1,1,1,1,1,1,1,1,1,1,1,1,1,1,4,1,1,4
813,中山二校,701,,,1,1,1,1,1,1,1,1,1,1,1,1,1,1,1,1
816,大竹國小,702,1,0,2,4,2,4,3,3,4,3,2,4,4,4,4,4,1,1
817,大竹國小,703,0,0,4,2,2,2,2,2,4,4,2,3,4,4,4,4,2,3
818,大竹國小,704,0,0,4,4,4,4,4,4,4,4,4,4,4,4,4,4,4,4
819,大竹國小,705,1,0,1,1,1,1,1,4,4,4,1,1,1,2,4,4,1,1
821,大竹國小,706,0,0,4,2,2,4,4,4,4,4,3,3,4,4,3,4,4,4
822,大竹國小,707,0,0,2,4,2,2,4,3,4,2,2,2,4,4,4,4,2,2
823,大竹國小,708,1,0,1,3,1,3,4,1,1,1,2,2,1,1,3,1,2,1
824,大竹國小,709,1,0,1,1,1,1,1,1,1,1,1,1,1,4,3,1,1,1
825,大竹國小,710,0,0,3,4,2,2,2,2,3,4,2,3,4,4,3,4,4,2
826,大竹國小,711,1,0,2,2,1,,2,3,4,3,2,2,4,3,3,2,3,3
827,大竹國小,712,1,0,4,4,4,2,,2,4,4,2,3,4,4,4,4,2,3
828,大竹國小,713,1,0,2,4,2,3,3,4,4,4,4,3,4,4,3,4,4,4
829,大竹國小,714,1,0,2,1,1,2,2,3,2,4,3,3,2,2,3,2,3,4
830,大竹國小,715,0,0,4,4,4,4,3,4,4,4,4,4,4,4,4,4,4,4
831,大竹國小,716,1,0,3,4,2,2,3,2,4,3,3,2,4,4,4,2,3,2
833,大竹國小,717,0,0,2,3,2,3,2,2,3,2,2,2,2,2,1,2,2,2
835,大竹國小,718,0,0,4,4,2,3,2,4,4,4,4,4,4,4,4,3,4,3
836,大竹國小,719,0,0,3,4,2,4,3,4,2,4,4,3,4,4,4,3,4,2
837,大竹國小,720,0,0,3,4,3,4,4,4,4,4,3,4,4,4,3,4,4,3
838,大竹國小,721,0,0,2,3,2,3,4,4,4,4,2,3,4,4,3,4,3,3
839,大竹國小,722,1,0,1,1,1,1,2,1,1,3,2,1,2,1,2,1,2,1
840,大竹國小,723,0,0,3,3,1,4,4,3,1,1,1,1,3,1,1,1,3,1
842,大竹國小,724,1,0,2,1,1,2,3,3,3,2,3,3,4,3,3,4,3,2
843,大竹國小,725,1,0,3,3,2,3,4,4,4,4,3,3,4,4,3,4,3,4
844,大竹國小,726,0,0,1,1,2,4,3,2,2,1,3,3,3,4,1,4,4,2
845,大竹國小,727,1,0,2,4,2,4,4,2,4,3,2,2,4,4,3,4,2,2
846,大竹國小,728,1,0,1,3,1,2,3,1,2,1,1,2,2,1,2,2,1,2
847,大竹國小,729,1,0,2,2,2,3,4,4,3,4,2,2,4,4,2,3,4,2
849,大竹國小,730,0,0,4,4,3,2,4,3,4,3,3,4,3,2,4,4,2,3
850,大竹國小,731,0,0,3,4,3,3,4,3,3,3,2,2,1,4,3,2,3,2
851,大竹國小,732,0,0,3,2,2,2,1,3,3,4,3,2,4,3,4,4,3,4
852,大竹國小,733,0,0,1,2,1,2,1,2,2,2,3,2,2,2,3,3,3,3
853,大竹國小,734,0,0,4,3,3,3,3,4,4,4,4,4,4,4,4,4,4,4
854,大竹國小,735,0,0,2,2,3,2,2,2,3,2,3,2,1,2,2,3,2,2
855,大竹國小,736,0,0,1,1,4,4,4,1,3,2,4,4,4,4,4,1,2,4
856,大竹國小,737,0,0,3,4,3,4,4,4,4,3,3,3,4,4,4,4,4,3
857,大竹國小,738,0,0,3,2,2,3,3,3,3,3,2,2,3,3,3,3,3,3
858,大竹國小,739,1,0,4,3,4,4,4,4,4,3,3,4,4,4,4,3,2,3
859,大竹國小,740,0,0,4,2,2,3,2,4,4,4,2,2,4,4,4,4,4,4
860,大竹國小,741,0,0,2,2,2,2,2,4,2,4,2,2,4,4,4,4,2,4
861,大竹國小,742,1,0,4,2,3,4,2,4,3,4,4,,3,4,4,4,4,4
862,大竹國小,743,1,0,3,3,3,3,3,3,3,4,3,4,4,3,4,4,4,4
863,大竹國小,744,1,0,2,2,2,3,2,4,4,4,4,4,4,4,4,4,4,4
864,大竹國小,745,1,0,2,2,2,2,2,3,3,3,2,2,4,4,3,4,2,2
865,大竹國小,746,0,0,4,3,4,4,4,3,4,4,4,4,3,4,4,4,4,3
866,大竹國小,747,1,0,3,4,2,4,4,2,4,4,4,4,4,4,4,4,4,4
867,大竹國小,748,0,0,1,1,4,4,2,1,4,4,2,3,4,2,4,2,4,4
868,大竹國小,749,0,0,3,3,2,2,2,3,2,3,2,2,2,3,3,4,2,2
869,大竹國小,750,1,0,2,2,3,4,1,4,4,3,3,3,4,4,3,4,4,4
870,大竹國小,751,1,0,2,2,2,2,2,2,2,2,1,2,4,4,4,4,3,3
871,大竹國小,752,1,0,4,3,2,4,3,4,4,4,3,3,4,4,4,4,4,4
872,大竹國小,753,1,0,3,2,2,3,2,4,3,3,2,2,3,2,3,2,2,3
873,大竹國小,754,1,0,3,2,1,3,3,3,3,3,3,3,3,4,4,2,2,2
874,大竹國小,755,1,0,4,2,2,2,2,4,4,3,4,4,2,4,3,4,4,3
876,大竹國小,756,1,0,1,1,1,1,2,1,2,2,1,1,1,2,1,1,1,1
877,大竹國小,757,1,0,1,1,1,2,1,2,3,1,1,3,2,3,3,4,2,3
878,大竹國小,758,0,0,1,1,2,1,,4,4,4,2,2,1,4,2,2,4,2
879,大竹國小,759,1,0,3,2,3,4,2,2,4,2,4,3,4,4,4,2,4,2
880,大竹國小,760,0,0,4,4,4,4,3,4,4,4,3,4,4,4,4,4,3,4
881,大竹國小,761,1,0,4,4,4,4,4,4,4,4,4,4,4,4,4,4,3,4
883,山頂國小,762,0,0,3,2,1,1,3,2,,2,2,2,2,3,2,2,2,2
884,山頂國小,763,0,0,4,3,3,4,3,3,4,3,3,3,4,4,3,3,4,4
885,山頂國小,764,0,0,4,1,2,4,4,4,4,4,4,4,4,4,3,3,4,4
888,山頂國小,765,1,0,4,2,1,1,2,1,1,2,1,3,1,4,2,1,1,1
889,山頂國小,766,1,0,2,1,1,1,1,1,2,1,3,4,2,4,3,3,3,4
890,山頂國小,767,0,0,4,2,1,1,1,2,2,2,2,2,3,3,3,3,3,3
891,山頂國小,768,0,,2,3,2,4,2,2,3,3,1,3,2,3,4,4,3,3
892,山頂國小,769,1,0,2,1,1,1,1,2,2,1,1,2,2,2,1,2,2,1
893,山頂國小,770,0,0,4,2,4,4,4,4,4,3,4,4,2,4,3,3,4,3
894,山頂國小,771,1,0,4,1,1,2,3,4,4,4,4,3,1,4,3,4,2,3
895,山頂國小,772,1,0,2,2,2,2,1,2,2,2,2,2,3,4,3,2,2,3
896,山頂國小,773,0,0,3,1,1,3,3,4,4,3,2,2,4,3,2,1,2,2
897,山頂國小,774,1,0,1,1,1,1,1,2,2,3,3,2,3,2,3,3,1,2
898,山頂國小,775,0,0,4,1,1,1,1,4,4,4,4,2,4,4,4,4,4,4
899,山頂國小,776,0,0,4,1,2,4,3,1,4,1,2,3,4,3,3,2,3,4
901,山頂國小,777,1,0,2,1,2,2,1,3,3,3,2,2,3,4,2,1,4,2
902,山頂國小,778,,,1,1,1,1,1,1,1,1,1,1,1,1,1,1,1,1
903,山頂國小,779,0,0,4,1,1,4,1,2,4,2,3,1,4,4,4,4,4,2
904,山頂國小,780,1,0,3,3,3,3,3,3,3,3,3,3,3,3,3,3,3,3
905,山頂國小,781,1,0,1,1,1,1,1,2,1,2,2,2,2,1,4,2,1,1
908,山頂國小,782,1,0,3,2,3,1,2,3,4,4,4,4,4,4,4,4,4,4
909,山頂國小,783,,,1,1,1,1,1,1,1,1,1,1,1,1,1,1,1,1
910,山頂國小,784,,,1,1,1,3,1,1,4,1,1,1,4,1,1,1,1,1
911,山頂國小,785,0,0,3,3,,4,2,3,3,2,2,3,4,4,3,2,2,3
912,山頂國小,786,1,0,3,1,1,3,3,3,1,1,3,3,3,3,3,3,3,3
913,山頂國小,787,0,0,4,4,4,4,4,4,4,4,4,4,4,4,4,4,4,4
914,山頂國小,788,1,0,3,2,4,4,2,3,3,2,1,2,1,2,2,1,1,2
915,山頂國小,789,1,0,4,1,4,4,1,4,4,4,4,4,4,4,3,1,3,4
917,山頂國小,790,0,0,3,2,2,3,2,3,3,2,,3,3,4,4,2,2,3
918,山頂國小,791,0,0,2,1,3,4,3,3,4,2,1,1,4,4,2,1,2,3
920,山頂國小,792,0,0,2,1,2,4,4,3,4,4,1,3,4,4,4,1,2,4
921,山頂國小,793,1,0,1,1,1,1,1,2,2,2,2,2,4,2,2,1,2,2
925,山頂國小,794,1,,4,2,3,4,3,3,4,4,3,3,4,4,2,2,4,3
927,山頂國小,795,0,0,2,2,2,2,3,4,4,4,4,4,4,4,4,4,3,4
929,山頂國小,796,0,0,3,2,3,3,3,4,3,2,4,3,3,4,3,3,4,4
930,山頂國小,797,0,0,3,1,1,2,3,3,3,4,3,3,4,4,3,4,3,2
931,山頂國小,798,1,0,1,1,1,2,2,2,2,1,4,4,4,4,4,3,2,1
932,山頂國小,799,0,0,4,2,4,3,2,3,4,3,1,2,4,4,2,3,4,2
933,山頂國小,800,1,,4,1,1,2,1,1,1,1,2,2,2,3,2,1,2,1
936,山頂國小,801,0,,3,2,2,4,2,2,2,2,2,2,2,4,4,4,2,2
937,文華國小,802,0,0,3,1,1,4,4,4,4,1,4,4,3,4,1,4,3,2
938,文華國小,803,0,0,3,2,3,1,2,2,1,3,2,3,4,1,2,3,1,3
939,文華國小,804,0,0,2,2,2,4,3,3,4,3,3,2,4,4,3,4,4,3
940,文華國小,805,1,0,1,1,1,1,1,2,2,1,1,1,1,1,1,1,1,1
941,文華國小,806,1,0,2,2,3,1,4,3,1,3,2,3,2,1,2,3,2,1
943,文華國小,807,0,0,4,2,2,2,3,3,3,2,2,3,3,4,4,2,2,3
944,文華國小,808,0,0,3,2,3,3,2,4,3,4,3,3,4,3,4,4,4,4
946,文華國小,809,0,0,3,1,1,4,4,2,4,4,1,4,4,4,1,3,2,1
947,文華國小,810,0,0,2,2,1,3,2,4,3,2,1,1,3,3,2,3,3,3
949,文華國小,811,1,0,2,2,2,2,2,2,2,2,2,2,2,4,4,2,2,2
951,文華國小,812,1,0,2,2,1,2,2,4,4,4,3,2,3,4,4,4,4,2
952,文華國小,813,0,0,4,3,3,4,3,4,4,4,4,4,4,4,4,4,4,3
954,文華國小,814,1,0,2,2,2,2,2,2,4,2,2,2,4,4,2,4,1,2
956,文華國小,815,0,0,2,1,1,1,1,2,3,2,1,2,2,1,1,3,2,3
957,文華國小,816,0,0,2,1,1,1,2,2,2,2,2,2,2,3,3,1,2,3
958,文華國小,817,0,0,2,1,2,3,2,1,2,2,2,2,1,2,2,2,2,3
959,文華國小,818,0,0,4,4,4,4,4,4,4,4,4,4,4,4,3,4,4,4
960,文華國小,819,0,0,3,2,4,4,4,3,3,2,3,3,2,3,3,2,3,3
961,文華國小,820,0,0,3,2,2,4,3,3,4,4,3,2,1,4,2,4,3,4
962,文華國小,821,1,0,2,2,2,3,1,3,4,3,3,3,3,4,3,4,2,2
963,文華國小,822,0,0,2,2,2,1,1,3,3,3,2,2,2,3,3,2,3,2
964,文華國小,823,1,0,3,,2,2,2,4,3,2,1,4,1,4,4,2,4,3
965,文華國小,824,0,0,4,1,1,1,1,1,4,4,2,2,4,4,4,1,4,3
966,文華國小,825,0,0,4,2,2,2,2,2,2,2,2,2,2,2,2,2,2,2
967,文華國小,826,1,0,1,1,1,1,1,1,1,1,1,1,1,1,1,1,1,1
968,文華國小,827,1,0,2,1,1,1,2,2,3,4,3,2,2,2,1,2,3,2
969,文華國小,828,0,0,1,1,1,1,1,1,2,1,2,1,1,2,1,3,1,2
970,文華國小,829,0,0,2,2,1,1,,1,2,1,1,1,1,4,2,1,2,2
971,文華國小,830,0,0,4,3,3,4,4,4,4,3,3,3,4,4,4,4,4,4
972,文華國小,831,0,0,2,2,2,4,4,4,4,4,4,4,4,4,4,4,4,4
973,文華國小,832,1,0,2,3,2,2,3,2,3,3,3,3,3,3,3,4,3,3
974,文華國小,833,0,0,2,4,4,2,3,2,3,2,2,2,4,2,4,2,2,2
975,文華國小,834,1,0,2,1,2,2,4,3,2,2,2,2,3,2,2,1,2,1
976,文華國小,835,0,0,1,1,1,1,2,2,1,2,1,1,1,1,4,1,2,2
977,文華國小,836,0,0,2,3,2,4,2,3,2,4,4,3,3,4,3,2,3,2
978,文華國小,837,0,0,1,1,1,4,1,1,1,4,1,1,4,4,4,4,4,2
979,文華國小,838,0,0,4,1,3,1,3,4,4,4,4,3,1,4,4,2,4,4
980,文華國小,839,0,0,1,1,1,1,3,4,4,2,1,1,3,4,3,4,3,4
981,文華國小,840,0,0,4,4,4,4,4,4,4,4,4,4,4,4,4,4,4,4
983,文華國小,841,1,0,3,2,2,4,4,4,4,4,3,4,4,3,4,4,4,4
984,文華國小,842,0,0,3,2,3,4,1,1,1,3,1,2,2,3,1,2,1,1
985,文華國小,843,1,0,2,2,1,2,3,4,2,2,3,1,1,4,2,1,2,3
986,文華國小,844,0,0,3,3,4,4,3,3,4,3,3,4,3,3,2,2,3,3
987,文華國小,845,1,0,2,1,1,4,3,4,4,4,4,4,4,4,4,4,4,4
988,文華國小,846,1,0,4,2,3,2,4,4,4,4,4,4,1,4,4,4,2,4
989,文華國小,847,1,0,3,3,3,4,4,4,4,4,3,3,2,4,3,4,4,4
990,文華國小,848,0,0,3,3,3,4,4,4,4,4,4,4,4,4,3,4,4,4
991,文華國小,849,1,0,2,2,2,2,2,2,2,2,2,2,2,2,2,2,2,2
992,文華國小,850,1,0,3,3,3,3,3,2,2,2,3,2,2,1,1,1,1,3
993,文華國小,851,1,0,4,4,3,3,3,3,4,3,4,4,4,4,4,4,4,3
997,介壽國小,852,1,0,2,3,,3,4,2,2,3,4,3,3,2,4,2,3,2
998,介壽國小,853,0,0,4,4,4,4,4,4,4,4,4,4,4,4,4,4,4,4
999,介壽國小,854,1,0,2,2,2,3,2,1,3,2,2,2,2,2,2,2,2,2
1000,介壽國小,855,0,0,4,3,4,3,2,3,3,3,4,4,4,4,4,4,4,4
1002,介壽國小,856,0,0,4,3,4,3,2,3,2,2,3,3,4,4,3,2,4,3
1003,介壽國小,857,,,4,4,3,2,3,2,3,2,3,2,,3,4,2,4,2
1004,介壽國小,858,1,0,4,4,4,4,4,4,4,4,4,4,4,4,4,4,4,4
1005,介壽國小,859,,,2,4,,3,3,3,3,2,3,4,4,2,4,2,4,3
1007,介壽國小,860,0,0,4,3,4,2,1,4,3,,2,1,4,2,3,1,3,1
1008,介壽國小,861,0,0,2,2,3,2,4,2,3,3,2,2,2,3,2,2,2,3
1009,介壽國小,862,0,0,3,3,3,3,3,3,4,3,3,4,4,4,3,3,3,3
1010,介壽國小,863,0,0,3,4,4,4,4,4,4,4,4,4,4,4,4,4,4,4
1011,介壽國小,864,1,0,4,4,4,4,4,4,4,4,4,4,4,4,4,3,3,3
1012,介壽國小,865,1,0,4,3,2,2,2,4,3,4,4,4,2,2,3,3,4,4
1013,介壽國小,866,1,0,1,1,1,1,1,3,1,1,1,1,3,4,4,4,1,3
1014,介壽國小,867,1,0,4,2,2,3,2,4,4,4,3,3,4,4,4,3,4,3
1015,介壽國小,868,0,0,4,1,3,3,4,3,4,3,3,4,4,4,4,4,3,3
1016,介壽國小,869,0,0,4,1,4,3,3,3,4,3,3,3,4,4,3,4,3,3
1018,介壽國小,870,0,0,4,4,3,4,4,3,4,4,4,4,4,4,4,4,4,4
1019,大溪國小,871,0,0,2,2,1,4,2,4,4,2,4,3,4,3,4,2,4,2
1021,大溪國小,872,1,1,2,2,2,3,2,2,3,2,2,3,2,4,2,3,2,4
1022,大溪國小,873,0,1,1,1,1,1,1,4,1,1,4,4,4,4,4,1,1,1
1023,大溪國小,874,1,1,2,3,4,3,3,3,3,4,3,4,4,4,3,3,4,3
1024,大溪國小,875,0,0,2,3,2,3,2,3,3,3,3,3,3,3,3,3,3,3
1026,大溪國小,876,0,1,2,2,3,4,4,4,4,2,3,3,4,4,3,3,3,2
1027,大溪國小,877,1,1,3,2,2,4,1,3,4,3,2,2,3,2,4,4,3,2
1028,大溪國小,878,1,1,2,1,3,1,1,2,3,2,1,2,2,3,1,4,1,1
1029,大溪國小,879,1,0,3,3,3,3,3,3,3,3,3,3,3,3,3,3,3,3
1030,大溪國小,880,1,1,1,1,1,1,1,1,1,1,1,1,1,1,1,1,1,1
1031,大溪國小,881,0,1,1,1,1,2,2,3,3,2,2,2,2,2,2,2,2,3
1032,大溪國小,882,0,1,3,3,2,3,2,3,3,3,1,2,2,2,2,1,1,1
1033,大溪國小,883,0,1,3,2,3,3,2,3,3,2,2,3,2,3,3,2,3,3
1034,大溪國小,884,0,1,3,2,4,4,3,3,4,4,4,3,4,4,4,3,4,2
1035,大溪國小,885,1,1,2,2,2,4,2,4,4,4,4,3,4,4,4,2,3,3
1036,大溪國小,886,1,1,2,2,2,2,2,2,2,2,2,2,2,2,2,2,2,2
1037,大溪國小,887,1,1,4,4,3,2,3,3,4,4,4,4,4,4,4,4,4,4
1038,大溪國小,888,1,1,1,2,3,2,1,2,3,2,1,2,3,2,1,2,3,2
1039,大溪國小,889,0,1,1,2,2,4,3,4,4,4,3,4,4,4,3,4,4,3
1040,大溪國小,890,0,1,1,1,1,1,1,1,1,1,1,1,1,1,1,1,1,1
1041,大溪國小,891,0,1,2,1,1,1,2,2,2,4,4,4,2,2,2,4,2,2
1042,大溪國小,892,0,1,2,3,2,2,2,4,4,4,3,3,4,4,3,4,4,4
1043,大溪國小,893,1,1,1,3,1,4,3,4,4,3,1,1,4,3,2,1,1,1
1044,大溪國小,894,1,1,2,2,2,1,2,1,1,1,1,1,1,1,1,2,2,1
1045,大溪國小,895,1,1,1,1,1,4,1,4,4,4,4,4,4,4,4,4,4,4
1047,大溪國小,896,0,1,2,2,3,4,3,4,4,4,2,2,3,4,4,1,4,1
1048,大溪國小,897,,1,1,1,1,1,1,1,1,1,1,1,1,2,1,1,1,1
1049,大溪國小,898,0,1,1,1,1,1,1,2,1,4,1,1,2,1,4,1,1,4
1050,大溪國小,899,0,1,1,1,3,4,3,3,4,3,1,3,4,4,4,1,3,1
1051,大溪國小,900,1,0,1,2,2,2,2,1,2,1,1,1,4,2,2,1,2,3
1052,大溪國小,901,1,0,1,2,2,1,1,4,1,1,1,1,1,1,3,3,3,3
1054,大溪國小,902,1,0,4,4,2,2,2,2,2,1,3,3,2,3,3,3,3,2
1057,大溪國小,903,0,0,4,4,4,4,4,4,4,4,4,4,4,4,4,3,4,4
1058,大溪國小,904,1,0,1,1,1,1,1,2,1,2,1,1,1,1,2,1,1,1
1059,大溪國小,905,0,0,2,2,2,2,3,3,3,3,1,1,3,3,2,2,2,2
1060,大溪國小,906,1,0,1,1,1,4,1,1,1,1,1,1,2,,1,4,1,1
1061,大溪國小,907,0,0,2,1,1,1,1,3,4,3,3,3,3,4,4,3,3,4
1062,大溪國小,908,0,0,3,1,1,2,1,4,3,2,1,1,4,4,2,3,2,1
1063,大溪國小,909,1,0,4,3,4,2,2,4,4,4,2,2,4,4,4,4,4,3
1064,大溪國小,910,1,0,1,1,1,1,1,1,1,1,1,1,1,1,1,1,1,1
1065,大溪國小,911,0,0,3,2,2,2,2,2,3,2,2,1,2,1,2,2,2,2
1066,大溪國小,912,1,0,4,1,1,1,,4,4,4,2,2,4,1,4,2,2,2
1067,大溪國小,913,1,0,1,1,1,1,1,2,2,2,1,2,2,1,2,2,2,2
1068,大溪國小,914,0,0,2,2,2,1,1,2,2,1,4,3,2,3,3,2,2,2
1069,大溪國小,915,1,0,4,1,1,1,4,2,2,2,2,1,2,2,4,3,2,2
1070,大溪國小,916,0,0,2,1,1,1,1,1,1,1,1,1,1,2,1,1,1,1
1071,大溪國小,917,1,0,1,1,1,3,2,4,3,2,4,2,4,1,4,2,3,2
1072,大溪國小,918,1,0,2,2,2,4,2,3,3,4,4,2,2,4,4,4,4,4
1073,大溪國小,919,1,0,1,1,1,1,1,1,1,1,1,1,1,1,2,2,1,1
1074,大溪國小,920,1,0,1,1,1,1,1,1,1,2,1,1,1,1,2,2,1,1
1075,大溪國小,921,0,0,2,2,3,4,2,4,4,4,1,4,4,2,4,4,4,4
1077,大溪國小,922,0,0,4,2,2,2,4,1,4,1,1,4,4,2,2,1,4,2
1078,大溪國小,923,1,0,1,1,1,1,1,1,2,1,1,1,1,1,1,1,2,1
1079,大溪國小,924,1,0,2,1,1,3,4,2,3,1,4,4,2,4,3,2,4,4
1080,大溪國小,925,0,0,2,2,3,2,3,4,3,4,3,4,4,3,4,3,3,4
1081,大溪國小,926,0,0,1,1,1,1,1,3,1,3,1,1,3,4,4,4,1,1
1082,大溪國小,927,0,0,4,1,1,2,2,4,4,4,4,4,4,1,2,1,1,1
1084,大溪國小,928,1,0,4,2,2,4,2,4,4,4,4,4,4,4,4,4,4,4
1085,大溪國小,929,1,0,2,1,2,1,2,1,2,1,2,1,2,2,1,1,1,1
1089,青埔國小,930,0,0,1,1,1,1,1,4,4,4,1,2,4,4,2,4,2,2
1090,青埔國小,931,1,0,1,2,3,4,4,1,1,2,1,3,1,2,2,3,2,2
1091,青埔國小,932,0,0,1,1,1,1,1,4,4,4,3,4,4,4,3,3,3,3
1092,青埔國小,933,0,0,3,1,1,1,4,2,3,3,2,2,4,4,2,2,3,4
1093,青埔國小,934,,,4,4,1,4,1,4,4,1,4,4,1,4,4,4,4,4
1094,青埔國小,935,0,0,3,2,2,,,4,4,4,3,2,4,4,4,2,4,4
1095,青埔國小,936,0,0,4,2,2,4,4,4,4,4,3,2,4,4,4,2,2,1
1096,青埔國小,937,0,0,4,1,1,3,1,4,4,4,2,2,4,3,4,3,2,3
1098,青埔國小,938,0,0,3,2,2,4,4,3,3,3,3,3,4,4,3,2,2,2
1099,青埔國小,939,1,0,2,1,1,1,2,3,2,1,1,1,2,3,4,3,2,1
1100,青埔國小,940,0,0,1,4,1,4,4,4,4,3,4,4,2,2,4,2,2,4
1103,青埔國小,941,0,0,3,3,3,3,2,2,2,3,3,3,3,4,4,4,4,3
1104,青埔國小,942,0,0,4,3,4,4,4,4,3,4,4,4,4,4,3,4,3,4
1105,青埔國小,943,1,0,4,4,1,4,1,4,4,4,4,4,4,4,4,4,4,4
1109,青埔國小,944,1,0,2,2,2,2,2,4,4,2,4,4,4,4,4,4,4,4
1116,青埔國小,945,0,1,2,2,2,2,2,4,4,4,2,2,4,4,4,,4,2
1118,青埔國小,946,1,1,1,1,1,3,1,4,4,4,2,1,4,1,4,4,4,4
1119,青埔國小,947,0,1,2,2,2,4,2,4,4,4,2,2,4,4,2,4,1,4
1120,青埔國小,948,0,1,2,3,4,4,2,4,2,3,4,4,3,2,4,4,4,4
1121,青埔國小,949,0,1,3,3,3,3,3,3,3,3,3,3,3,3,3,3,3,3
1123,青埔國小,950,1,1,3,2,1,2,2,4,4,4,4,4,4,4,3,2,4,4
1124,青埔國小,951,0,1,3,3,2,4,3,4,4,4,3,2,3,3,2,1,4,3
1125,青埔國小,952,0,1,2,2,2,4,2,4,4,4,4,2,4,4,4,4,4,2
1126,青埔國小,953,1,1,4,1,1,3,4,3,3,4,2,2,2,3,4,3,2,4
1127,青埔國小,954,0,1,2,2,2,2,2,2,2,2,2,2,2,2,2,2,2,2
1128,青埔國小,955,0,1,3,2,1,4,1,4,4,2,3,3,4,4,2,3,3,4
1129,青埔國小,956,1,1,2,2,2,2,2,2,2,2,2,2,2,2,2,2,2,2
1130,青埔國小,957,,0,1,1,1,3,1,3,3,2,2,2,3,4,4,4,4,4
1131,青埔國小,958,0,0,1,1,1,2,2,2,2,1,2,2,2,2,2,2,1,2
1132,青埔國小,959,1,0,2,2,2,2,2,4,4,4,4,4,4,4,4,4,4,4
1133,青埔國小,960,1,0,4,4,4,4,4,4,4,4,4,4,4,4,4,4,4,4
1134,青埔國小,961,1,0,1,1,1,1,1,1,1,1,1,4,1,1,4,1,4,4
1135,青埔國小,962,1,0,4,4,4,4,4,4,4,4,4,4,4,4,4,4,4,4
1136,青埔國小,963,1,0,4,2,2,2,1,4,4,4,4,4,2,4,4,4,4,4
1137,青埔國小,964,0,0,4,2,2,4,3,4,4,3,3,3,4,4,4,2,1,1
1138,青埔國小,965,0,0,2,2,2,2,2,4,4,4,4,4,4,4,4,1,2,4
1139,青埔國小,966,1,0,4,4,4,4,3,2,3,2,4,4,2,4,3,4,2,2
1140,青埔國小,967,1,0,2,1,1,2,1,4,4,4,2,2,3,3,4,2,2,3
1142,青埔國小,968,1,0,1,1,1,1,1,1,1,1,1,1,1,4,4,4,4,4
1143,青埔國小,969,1,0,4,3,3,3,3,3,4,4,4,4,4,4,4,4,4,4
1144,青埔國小,970,0,1,3,1,1,1,1,4,4,2,1,1,4,4,4,4,4,4
1145,青埔國小,971,1,,2,1,2,2,1,2,2,1,3,3,1,3,3,1,3,3
1146,青埔國小,972,0,0,4,4,4,4,4,4,4,4,4,4,4,4,4,4,4,4
1147,青埔國小,973,0,0,2,3,3,3,3,4,4,4,3,3,3,4,3,3,3,3
1148,青埔國小,974,0,0,4,4,4,4,4,3,4,4,4,4,4,4,4,4,4,2
1149,青埔國小,975,1,0,2,1,1,1,1,4,2,2,1,2,3,4,,3,1,1
1150,青埔國小,976,1,0,2,2,2,2,2,2,2,2,2,2,2,2,2,2,2,2
1151,青埔國小,977,,,4,1,1,4,1,4,4,4,4,4,4,4,4,4,4,4
1152,青埔國小,978,0,0,4,4,4,4,1,3,3,3,3,3,2,2,2,2,2,2
1153,青埔國小,979,0,0,2,2,4,4,3,4,4,4,2,2,2,3,2,2,2,3
1154,青埔國小,980,1,0,1,1,1,1,1,1,4,4,1,1,2,4,2,3,2,3
1156,文山國小,981,0,0,4,1,3,2,2,3,4,3,3,3,4,4,3,4,2,4
1157,文山國小,982,0,0,2,1,1,1,3,1,4,3,2,3,1,2,2,1,1,4
1158,文山國小,983,1,0,1,1,1,1,1,2,1,1,1,1,1,1,1,1,1,1
1159,文山國小,984,1,0,2,2,1,4,3,1,1,1,1,1,3,4,4,1,1,1
1160,文山國小,985,1,0,2,2,2,4,2,4,4,2,4,4,4,4,,2,2,2
1161,文山國小,986,1,0,3,2,2,2,2,2,3,3,2,2,3,,2,2,2,1
1162,文山國小,987,0,0,4,4,4,4,4,4,4,4,4,4,4,4,4,2,4,4
1163,文山國小,988,0,0,2,1,1,3,2,3,3,3,3,3,2,2,2,1,2,3
1164,文山國小,989,1,0,2,1,1,1,1,2,4,1,1,1,3,2,1,1,3,1
1165,文山國小,990,0,0,4,4,2,4,4,4,4,2,3,4,4,4,4,2,2,2
1167,文山國小,991,0,0,1,1,1,,4,4,2,1,3,1,2,1,4,1,3,2
1168,文山國小,992,0,0,4,2,2,4,4,3,3,2,4,4,3,3,4,4,3,3
1170,文山國小,993,0,0,4,4,2,4,3,1,2,3,3,2,4,4,4,4,3,3
1171,文山國小,994,1,0,2,2,4,2,,2,1,3,2,4,4,3,2,2,2,4
1172,文山國小,995,0,0,4,3,3,4,4,4,4,2,3,3,4,4,3,4,3,4
1173,文山國小,996,1,0,1,1,1,1,1,4,4,4,3,2,4,4,4,3,4,3
1175,文山國小,997,0,0,4,3,4,4,4,4,4,3,3,4,4,3,3,4,4,4
1176,文山國小,998,1,0,1,1,1,1,1,1,1,1,1,1,1,4,1,4,3,1
1177,文山國小,999,1,0,2,1,2,1,3,2,3,2,4,3,1,4,2,1,1,1
1178,文山國小,1000,0,0,1,1,4,2,2,4,3,4,2,3,4,4,4,4,2,4
1179,文山國小,1001,1,0,1,1,1,1,1,2,2,3,2,2,2,2,2,2,2,2
1180,文山國小,1002,0,0,1,1,1,,1,2,1,1,1,1,1,4,1,1,1,1
1181,文山國小,1003,1,0,1,1,1,1,1,2,3,3,1,1,1,4,4,2,4,4
1182,文山國小,1004,1,0,2,1,1,1,2,2,1,4,2,2,1,1,1,3,1,4
1183,文山國小,1005,0,0,1,1,1,1,1,1,1,1,1,1,1,1,1,1,1,1
1184,文山國小,1006,,,1,1,1,1,1,1,2,1,1,1,2,3,1,2,1,1
1185,文山國小,1007,0,0,1,2,1,4,1,1,1,1,1,1,4,2,1,1,1,1
1187,文山國小,1008,1,1,1,2,2,4,3,2,1,1,2,3,,4,3,2,3,1
1188,文山國小,1009,0,1,2,2,1,3,2,4,4,4,3,2,3,2,4,3,3,3
1189,文山國小,1010,1,1,2,1,3,1,2,2,3,2,3,1,1,2,3,2,1,2
1191,文山國小,1011,1,1,1,1,1,1,1,2,1,2,1,1,2,2,2,2,2,2
1192,文山國小,1012,,,4,3,3,3,3,3,4,4,4,4,4,4,4,4,3,4
1193,文山國小,1013,1,1,3,3,2,2,3,4,4,2,3,3,4,3,4,4,4,4
1194,文山國小,1014,,,2,2,2,2,2,2,2,3,3,4,4,4,2,4,2,2
1195,文山國小,1015,1,1,2,2,2,2,2,2,2,2,2,2,2,2,2,2,2,2
1196,文山國小,1016,1,1,2,1,1,3,2,4,4,4,4,2,4,4,3,4,2,4
1197,文山國小,1017,0,1,4,2,4,4,4,4,4,,,2,2,2,2,1,2,2
1198,文山國小,1018,0,1,2,2,2,2,2,4,4,4,4,4,4,4,4,4,4,
1199,文山國小,1019,0,1,1,1,1,1,1,4,4,4,4,4,1,1,1,1,1,1
1200,文山國小,1020,1,1,2,1,1,2,1,2,2,2,1,2,1,2,2,2,2,1
1201,文山國小,1021,,,4,3,1,4,4,4,3,3,,4,1,2,4,3,4,4
1202,文山國小,1022,0,1,3,3,2,3,2,2,3,2,4,4,4,4,2,2,2,3
1203,文山國小,1023,1,1,1,3,1,1,1,1,1,4,2,3,4,3,4,3,3,3
1204,文山國小,1024,0,1,2,2,3,2,2,3,2,2,3,3,4,3,3,4,3,3
1205,文山國小,1025,0,1,1,1,1,1,1,1,1,1,1,1,1,1,1,1,1,1
1206,文山國小,1026,1,1,1,1,1,1,1,4,4,4,4,2,4,4,4,4,2,4
1207,文山國小,1027,1,1,1,1,1,1,1,3,2,3,1,3,3,2,3,3,1,2
1208,文山國小,1028,1,1,2,2,2,2,2,3,3,2,2,2,2,2,2,2,3,2
1210,文山國小,1029,0,1,3,3,3,3,2,2,2,2,3,3,2,2,3,2,3,2
1211,文山國小,1030,0,1,4,4,2,4,4,4,4,4,3,4,4,4,4,4,3,4
1212,文山國小,1031,0,1,3,3,3,2,2,2,4,4,2,4,4,4,3,4,2,2
1214,文山國小,1032,1,1,1,1,1,1,1,1,1,1,1,1,4,1,4,4,4,4
1215,文山國小,1033,1,1,1,1,1,1,1,1,1,1,2,1,2,3,2,4,3,2
1216,文山國小,1034,1,1,2,2,3,3,2,3,4,4,4,3,3,3,4,4,4,4
1217,文山國小,1035,0,1,4,2,3,3,4,4,4,4,4,4,4,4,4,4,4,4
1218,文山國小,1036,0,1,2,2,2,2,2,3,3,3,2,2,2,3,3,3,2,3
1219,文山國小,1037,1,1,1,1,1,1,1,2,1,1,1,1,1,1,1,2,2,2
1220,文山國小,1038,0,1,2,2,2,3,2,4,4,4,3,3,3,4,2,4,3,2
1221,文山國小,1039,0,1,1,1,1,2,1,4,4,4,3,2,4,2,3,4,3,4
,,,,,,,,,,,,,,,,,,,,
,,,,,,,,,,,,,,,,,,,,
,,,,,,,,,,,,,,,,,,,,
,,,,,,,,,,,,,,,,,,,,
,,,,,,,,,,,,,,,,,,,,
,,,,,,,,,,,,,,,,,,,,
,,,,,,,,,,,,,,,,,,,,
,,,,,,,,,,,,,,,,,,,,
,,,,,,,,,,,,,,,,,,,,
,,,,,,,,,,,,,,,,,,,,
,,,,,,,,,,,,,,,,,,,,
,,,,,,,,,,,,,,,,,,,,
,,,,,,,,,,,,,,,,,,,,
,,,,,,,,,,,,,,,,,,,,
,,,,,,,,,,,,,,,,,,,,
,,,,,,,,,,,,,,,,,,,,
,,,,,,,,,,,,,,,,,,,,
,,,,,,,,,,,,,,,,,,,,
,,,,,,,,,,,,,,,,,,,,
,,,,,,,,,,,,,,,,,,,,
,,,,,,,,,,,,,,,,,,,,
,,,,,,,,,,,,,,,,,,,,
,,,,,,,,,,,,,,,,,,,,
,,,,,,,,,,,,,,,,,,,,
,,,,,,,,,,,,,,,,,,,,
,,,,,,,,,,,,,,,,,,,,
,,,,,,,,,,,,,,,,,,,,
,,,,,,,,,,,,,,,,,,,,
,,,,,,,,,,,,,,,,,,,,
,,,,,,,,,,,,,,,,,,,,
,,,,,,,,,,,,,,,,,,,,
,,,,,,,,,,,,,,,,,,,,
,,,,,,,,,,,,,,,,,,,,
,,,,,,,,,,,,,,,,,,,,
,,,,,,,,,,,,,,,,,,,,
,,,,,,,,,,,,,,,,,,,,
,,,,,,,,,,,,,,,,,,,,
,,,,,,,,,,,,,,,,,,,,
,,,,,,,,,,,,,,,,,,,,
,,,,,,,,,,,,,,,,,,,,
,,,,,,,,,,,,,,,,,,,,
,,,,,,,,,,,,,,,,,,,,
,,,,,,,,,,,,,,,,,,,,
,,,,,,,,,,,,,,,,,,,,
,,,,,,,,,,,,,,,,,,,,
,,,,,,,,,,,,,,,,,,,,
,,,,,,,,,,,,,,,,,,,,
,,,,,,,,,,,,,,,,,,,,
,,,,,,,,,,,,,,,,,,,,
,,,,,,,,,,,,,,,,,,,,
,,,,,,,,,,,,,,,,,,,,
,,,,,,,,,,,,,,,,,,,,
,,,,,,,,,,,,,,,,,,,,
,,,,,,,,,,,,,,,,,,,,
,,,,,,,,,,,,,,,,,,,,
,,,,,,,,,,,,,,,,,,,,
,,,,,,,,,,,,,,,,,,,,
,,,,,,,,,,,,,,,,,,,,
,,,,,,,,,,,,,,,,,,,,
,,,,,,,,,,,,,,,,,,,,
,,,,,,,,,,,,,,,,,,,,
,,,,,,,,,,,,,,,,,,,,
,,,,,,,,,,,,,,,,,,,,
,,,,,,,,,,,,,,,,,,,,
,,,,,,,,,,,,,,,,,,,,
,,,,,,,,,,,,,,,,,,,,
,,,,,,,,,,,,,,,,,,,,
,,,,,,,,,,,,,,,,,,,,
,,,,,,,,,,,,,,,,,,,,
,,,,,,,,,,,,,,,,,,,,
,,,,,,,,,,,,,,,,,,,,
,,,,,,,,,,,,,,,,,,,,
,,,,,,,,,,,,,,,,,,,,
,,,,,,,,,,,,,,,,,,,,
,,,,,,,,,,,,,,,,,,,,
,,,,,,,,,,,,,,,,,,,,
,,,,,,,,,,,,,,,,,,,,
,,,,,,,,,,,,,,,,,,,,
"21,57",,,,,,,,,,,,,,,,,,,,
"30,22",,,,,,,,,,,,,,,,,,,,
"245,70",,,,,,,,,,,,,,,,,,,,
"283,29",,,,,,,,,,,,,,,,,,,,
"285,45",,,,,,,,,,,,,,,,,,,,
"317,13",,,,,,,,,,,,,,,,,,,,
"533,8",,,,,,,,,,,,,,,,,,,,
"543,78",,,,,,,,,,,,,,,,,,,,
